date,employee_id,name,role,hours_worked,labor_cost,daily_sales,payroll_error
2026-03-01,720dca6f,Steven Galvan,Barista,5.5,104.39,8227.94,0
2026-03-01,53bee1af,Darin Henry,Cook,6.7,133.66,8227.94,0
2026-03-01,68adc80e,Sherry Ramirez,Manager,8.2,212.47,8227.94,0
2026-03-01,e94a0a4e,Anthony Turner,Manager,5.0,134.49,8227.94,0
2026-03-01,7c156fc1,Jason Dunlap,Manager,5.9,154.96,8227.94,0
2026-03-01,34840e79,Megan Harrington,Manager,5.2,124.73,8227.94,0
2026-03-01,e94a0a4e,Anthony Turner,Manager,6.7,180.41,8227.94,0
2026-03-01,45f31968,Michelle Holmes,Manager,6.7,182.08,8227.94,0
2026-03-01,720dca6f,Steven Galvan,Barista,6.7,126.07,8227.94,0
2026-03-01,07dcd876,Bryan Diaz,Manager,6.5,167.47,8227.94,0
2026-03-01,07dcd876,Bryan Diaz,Manager,4.7,121.99,8227.94,0
2026-03-01,53bee1af,Darin Henry,Cook,6.7,132.58,8227.94,0
2026-03-01,0116c6b4,Justin Riddle,Manager,5.1,131.39,8227.94,0
2026-03-01,dd35a1e4,Amanda Cabrera,Cook,6.7,141.52,8227.94,0
2026-03-01,07dcd876,Bryan Diaz,Manager,5.7,147.05,8227.94,0
2026-03-01,34840e79,Megan Harrington,Manager,5.9,141.14,8227.94,0
2026-03-01,7c156fc1,Jason Dunlap,Manager,5.6,148.95,8227.94,0
2026-03-01,dd35a1e4,Amanda Cabrera,Cook,7.2,150.99,8227.94,0
2026-03-02,53bee1af,Darin Henry,Cook,5.4,107.15,4965.35,0
2026-03-02,e94a0a4e,Anthony Turner,Manager,5.6,150.39,4965.35,0
2026-03-02,45f31968,Michelle Holmes,Manager,8.4,228.04,4965.35,0
2026-03-02,07dcd876,Bryan Diaz,Manager,6.6,169.29,4965.35,0
2026-03-02,68adc80e,Sherry Ramirez,Manager,8.9,230.21,4965.35,0
2026-03-02,c148ed20,Ross Ingram,Cook,5.1,111.18,4965.35,0
2026-03-02,dd35a1e4,Amanda Cabrera,Cook,8.0,168.29,4965.35,0
2026-03-02,e2f2f6dd,Kylie Huerta,Barista,8.6,162.0,4965.35,0
2026-03-02,dc63a543,Erin Thomas,Barista,6.8,129.57,4965.35,0
2026-03-02,c148ed20,Ross Ingram,Cook,5.7,125.46,4965.35,0
2026-03-02,45f31968,Michelle Holmes,Manager,8.3,225.2,4965.35,0
2026-03-02,0116c6b4,Justin Riddle,Manager,6.7,172.24,4965.35,0
2026-03-03,c148ed20,Ross Ingram,Cook,7.4,162.16,5439.33,0
2026-03-03,07dcd876,Bryan Diaz,Manager,5.4,139.69,5439.33,0
2026-03-03,7c156fc1,Jason Dunlap,Manager,7.8,205.26,5439.33,0
2026-03-03,e94a0a4e,Anthony Turner,Manager,8.2,221.79,5439.33,0
2026-03-03,53bee1af,Darin Henry,Cook,8.7,173.31,5439.33,0
2026-03-03,3bc3cfff,Allen Sanchez,Cook,4.7,92.51,5439.33,0
2026-03-03,68adc80e,Sherry Ramirez,Manager,5.2,133.49,5439.33,0
2026-03-03,e94a0a4e,Anthony Turner,Manager,5.9,158.62,5439.33,0
2026-03-03,c148ed20,Ross Ingram,Cook,8.8,192.87,5439.33,0
2026-03-03,0116c6b4,Justin Riddle,Manager,4.2,107.96,5439.33,0
2026-03-03,dc63a543,Erin Thomas,Barista,9.0,170.33,5439.33,0
2026-03-03,45f31968,Michelle Holmes,Manager,5.8,156.8,5439.33,0
2026-03-03,e94a0a4e,Anthony Turner,Manager,8.6,230.38,5439.33,0
2026-03-04,dd35a1e4,Amanda Cabrera,Cook,8.9,188.56,4891.5,0
2026-03-04,3bc3cfff,Allen Sanchez,Cook,7.5,146.34,4891.5,0
2026-03-04,c148ed20,Ross Ingram,Cook,5.0,110.0,4891.5,0
2026-03-04,dd35a1e4,Amanda Cabrera,Cook,8.2,172.11,4891.5,0
2026-03-04,e2f2f6dd,Kylie Huerta,Barista,5.1,95.67,4891.5,0
2026-03-04,53bee1af,Darin Henry,Cook,8.6,169.76,4891.5,0
2026-03-04,07dcd876,Bryan Diaz,Manager,7.1,183.43,4891.5,0
2026-03-04,e94a0a4e,Anthony Turner,Manager,8.4,225.45,4891.5,0
2026-03-04,dd35a1e4,Amanda Cabrera,Cook,4.6,97.13,4891.5,0
2026-03-04,0116c6b4,Justin Riddle,Manager,5.4,137.84,4891.5,0
2026-03-04,7c156fc1,Jason Dunlap,Manager,4.7,123.5,4891.5,0
2026-03-05,07dcd876,Bryan Diaz,Manager,5.6,145.56,5471.83,0
2026-03-05,c148ed20,Ross Ingram,Cook,6.8,148.6,5471.83,0
2026-03-05,dd35a1e4,Amanda Cabrera,Cook,8.7,182.9,5471.83,1
2026-03-05,dd35a1e4,Amanda Cabrera,Cook,9.0,189.61,5471.83,0
2026-03-05,07dcd876,Bryan Diaz,Manager,6.9,177.08,5471.83,0
2026-03-05,e94a0a4e,Anthony Turner,Manager,7.1,189.94,5471.83,0
2026-03-05,53bee1af,Darin Henry,Cook,5.0,99.42,5471.83,0
2026-03-05,7c156fc1,Jason Dunlap,Manager,8.8,233.6,5471.83,0
2026-03-05,e8256040,Gary Guzman,Barista,7.8,136.91,5471.83,0
2026-03-05,34840e79,Megan Harrington,Manager,5.9,141.7,5471.83,0
2026-03-05,7c156fc1,Jason Dunlap,Manager,4.6,121.35,5471.83,0
2026-03-05,0116c6b4,Justin Riddle,Manager,5.6,142.3,5471.83,0
2026-03-06,e8256040,Gary Guzman,Barista,6.3,110.99,5651.07,0
2026-03-06,e8256040,Gary Guzman,Barista,8.1,143.65,5651.07,0
2026-03-06,68adc80e,Sherry Ramirez,Manager,4.5,116.57,5651.07,0
2026-03-06,3bc3cfff,Allen Sanchez,Cook,4.6,90.53,5651.07,0
2026-03-06,e94a0a4e,Anthony Turner,Manager,5.7,152.85,5651.07,0
2026-03-06,dd35a1e4,Amanda Cabrera,Cook,6.9,146.34,5651.07,1
2026-03-06,e94a0a4e,Anthony Turner,Manager,7.2,192.85,5651.07,1
2026-03-06,7c156fc1,Jason Dunlap,Manager,6.5,172.35,5651.07,0
2026-03-06,53bee1af,Darin Henry,Cook,8.2,162.43,5651.07,0
2026-03-06,3bc3cfff,Allen Sanchez,Cook,8.3,163.02,5651.07,0
2026-03-06,53bee1af,Darin Henry,Cook,5.2,102.33,5651.07,0
2026-03-06,07dcd876,Bryan Diaz,Manager,8.3,213.75,5651.07,0
2026-03-06,c148ed20,Ross Ingram,Cook,6.9,151.37,5651.07,0
2026-03-06,c148ed20,Ross Ingram,Cook,7.9,172.26,5651.07,0
2026-03-07,68adc80e,Sherry Ramirez,Manager,6.7,173.34,7412.84,0
2026-03-07,e8256040,Gary Guzman,Barista,6.9,121.55,7412.84,0
2026-03-07,3bc3cfff,Allen Sanchez,Cook,7.7,150.31,7412.84,0
2026-03-07,e2f2f6dd,Kylie Huerta,Barista,4.9,92.97,7412.84,0
2026-03-07,07dcd876,Bryan Diaz,Manager,8.7,224.22,7412.84,0
2026-03-07,53bee1af,Darin Henry,Cook,7.1,141.27,7412.84,0
2026-03-07,68adc80e,Sherry Ramirez,Manager,7.5,193.11,7412.84,0
2026-03-07,720dca6f,Steven Galvan,Barista,7.2,135.98,7412.84,0
2026-03-07,0116c6b4,Justin Riddle,Manager,4.2,107.45,7412.84,0
2026-03-07,3bc3cfff,Allen Sanchez,Cook,8.7,171.11,7412.84,0
2026-03-07,53bee1af,Darin Henry,Cook,8.4,167.24,7412.84,0
2026-03-07,e2f2f6dd,Kylie Huerta,Barista,8.4,159.24,7412.84,0
2026-03-07,45f31968,Michelle Holmes,Manager,5.8,156.44,7412.84,0
2026-03-07,e2f2f6dd,Kylie Huerta,Barista,4.0,75.88,7412.84,0
2026-03-07,dd35a1e4,Amanda Cabrera,Cook,7.4,156.1,7412.84,0
2026-03-07,e8256040,Gary Guzman,Barista,4.8,85.39,7412.84,0
2026-03-07,7c156fc1,Jason Dunlap,Manager,5.8,152.22,7412.84,0
2026-03-08,0116c6b4,Justin Riddle,Manager,9.0,229.93,8755.83,0
2026-03-08,e8256040,Gary Guzman,Barista,4.6,82.08,8755.83,0
2026-03-08,45f31968,Michelle Holmes,Manager,5.3,144.07,8755.83,0
2026-03-08,3bc3cfff,Allen Sanchez,Cook,5.7,112.6,8755.83,0
2026-03-08,e94a0a4e,Anthony Turner,Manager,8.2,220.42,8755.83,0
2026-03-08,7c156fc1,Jason Dunlap,Manager,7.7,204.28,8755.83,0
2026-03-08,720dca6f,Steven Galvan,Barista,4.6,87.74,8755.83,0
2026-03-08,dd35a1e4,Amanda Cabrera,Cook,4.3,91.51,8755.83,0
2026-03-08,53bee1af,Darin Henry,Cook,7.0,138.39,8755.83,0
2026-03-08,68adc80e,Sherry Ramirez,Manager,6.3,161.68,8755.83,0
2026-03-08,53bee1af,Darin Henry,Cook,4.2,82.51,8755.83,0
2026-03-08,0116c6b4,Justin Riddle,Manager,7.7,197.87,8755.83,0
2026-03-08,dc63a543,Erin Thomas,Barista,4.1,77.57,8755.83,0
2026-03-08,dd35a1e4,Amanda Cabrera,Cook,5.1,108.19,8755.83,0
2026-03-08,07dcd876,Bryan Diaz,Manager,6.0,154.34,8755.83,0
2026-03-08,e94a0a4e,Anthony Turner,Manager,4.5,121.56,8755.83,0
2026-03-08,0116c6b4,Justin Riddle,Manager,8.4,215.36,8755.83,0
2026-03-08,45f31968,Michelle Holmes,Manager,4.2,114.36,8755.83,0
2026-03-08,7c156fc1,Jason Dunlap,Manager,8.0,211.99,8755.83,0
2026-03-08,68adc80e,Sherry Ramirez,Manager,4.4,113.91,8755.83,0
2026-03-08,e94a0a4e,Anthony Turner,Manager,6.2,166.11,8755.83,1
2026-03-09,0116c6b4,Justin Riddle,Manager,7.6,195.48,3688.78,0
2026-03-09,34840e79,Megan Harrington,Manager,6.4,154.91,3688.78,0
2026-03-09,e8256040,Gary Guzman,Barista,7.2,126.41,3688.78,0
2026-03-09,e8256040,Gary Guzman,Barista,8.4,147.53,3688.78,0
2026-03-09,dc63a543,Erin Thomas,Barista,7.3,138.17,3688.78,0
2026-03-09,53bee1af,Darin Henry,Cook,6.2,122.17,3688.78,0
2026-03-09,e94a0a4e,Anthony Turner,Manager,7.5,202.7,3688.78,0
2026-03-09,07dcd876,Bryan Diaz,Manager,4.6,119.04,3688.78,0
2026-03-10,c148ed20,Ross Ingram,Cook,7.2,157.51,6198.44,0
2026-03-10,45f31968,Michelle Holmes,Manager,7.7,208.4,6198.44,0
2026-03-10,53bee1af,Darin Henry,Cook,6.5,128.74,6198.44,0
2026-03-10,68adc80e,Sherry Ramirez,Manager,8.1,210.19,6198.44,0
2026-03-10,dd35a1e4,Amanda Cabrera,Cook,5.4,114.86,6198.44,0
2026-03-10,34840e79,Megan Harrington,Manager,8.1,194.79,6198.44,0
2026-03-10,e94a0a4e,Anthony Turner,Manager,5.2,139.71,6198.44,0
2026-03-10,34840e79,Megan Harrington,Manager,8.6,206.39,6198.44,0
2026-03-10,7c156fc1,Jason Dunlap,Manager,8.1,214.72,6198.44,0
2026-03-10,34840e79,Megan Harrington,Manager,7.1,170.65,6198.44,0
2026-03-10,7c156fc1,Jason Dunlap,Manager,6.6,175.03,6198.44,0
2026-03-10,e2f2f6dd,Kylie Huerta,Barista,4.6,86.17,6198.44,1
2026-03-10,3bc3cfff,Allen Sanchez,Cook,7.8,154.01,6198.44,0
2026-03-11,68adc80e,Sherry Ramirez,Manager,7.7,198.56,4142.73,0
2026-03-11,3bc3cfff,Allen Sanchez,Cook,4.3,84.21,4142.73,0
2026-03-11,c148ed20,Ross Ingram,Cook,4.6,101.61,4142.73,0
2026-03-11,e94a0a4e,Anthony Turner,Manager,5.7,153.98,4142.73,0
2026-03-11,53bee1af,Darin Henry,Cook,5.0,98.29,4142.73,0
2026-03-11,68adc80e,Sherry Ramirez,Manager,7.2,185.4,4142.73,0
2026-03-11,e8256040,Gary Guzman,Barista,7.7,135.73,4142.73,0
2026-03-11,dc63a543,Erin Thomas,Barista,7.5,143.1,4142.73,1
2026-03-11,dc63a543,Erin Thomas,Barista,5.4,102.41,4142.73,0
2026-03-11,53bee1af,Darin Henry,Cook,7.1,141.72,4142.73,0
2026-03-11,7c156fc1,Jason Dunlap,Manager,5.7,151.69,4142.73,0
2026-03-12,07dcd876,Bryan Diaz,Manager,6.0,154.75,3941.7,0
2026-03-12,dd35a1e4,Amanda Cabrera,Cook,6.5,137.8,3941.7,0
2026-03-12,07dcd876,Bryan Diaz,Manager,4.3,110.79,3941.7,0
2026-03-12,720dca6f,Steven Galvan,Barista,7.2,135.44,3941.7,0
2026-03-12,45f31968,Michelle Holmes,Manager,5.0,135.22,3941.7,0
2026-03-12,53bee1af,Darin Henry,Cook,6.9,137.18,3941.7,0
2026-03-12,e2f2f6dd,Kylie Huerta,Barista,6.4,121.64,3941.7,0
2026-03-12,dc63a543,Erin Thomas,Barista,7.1,134.13,3941.7,0
2026-03-12,07dcd876,Bryan Diaz,Manager,8.2,211.84,3941.7,1
2026-03-13,e8256040,Gary Guzman,Barista,8.9,157.9,4911.66,0
2026-03-13,dd35a1e4,Amanda Cabrera,Cook,5.8,121.67,4911.66,0
2026-03-13,45f31968,Michelle Holmes,Manager,6.6,178.73,4911.66,0
2026-03-13,68adc80e,Sherry Ramirez,Manager,8.8,227.37,4911.66,0
2026-03-13,45f31968,Michelle Holmes,Manager,5.7,154.75,4911.66,0
2026-03-13,68adc80e,Sherry Ramirez,Manager,4.1,105.0,4911.66,0
2026-03-13,dd35a1e4,Amanda Cabrera,Cook,6.8,143.25,4911.66,0
2026-03-13,dc63a543,Erin Thomas,Barista,6.4,122.2,4911.66,0
2026-03-13,3bc3cfff,Allen Sanchez,Cook,8.4,164.15,4911.66,0
2026-03-13,34840e79,Megan Harrington,Manager,5.0,120.89,4911.66,0
2026-03-13,45f31968,Michelle Holmes,Manager,8.2,221.96,4911.66,1
2026-03-13,c148ed20,Ross Ingram,Cook,7.2,157.98,4911.66,0
2026-03-14,07dcd876,Bryan Diaz,Manager,4.5,115.29,9474.16,0
2026-03-14,07dcd876,Bryan Diaz,Manager,5.3,138.11,9474.16,0
2026-03-14,dd35a1e4,Amanda Cabrera,Cook,4.6,97.31,9474.16,0
2026-03-14,07dcd876,Bryan Diaz,Manager,7.4,191.83,9474.16,0
2026-03-14,0116c6b4,Justin Riddle,Manager,4.1,105.5,9474.16,0
2026-03-14,dc63a543,Erin Thomas,Barista,6.3,119.68,9474.16,0
2026-03-14,0116c6b4,Justin Riddle,Manager,7.8,200.39,9474.16,0
2026-03-14,45f31968,Michelle Holmes,Manager,5.3,144.34,9474.16,0
2026-03-14,34840e79,Megan Harrington,Manager,7.1,170.93,9474.16,0
2026-03-14,e8256040,Gary Guzman,Barista,8.7,153.36,9474.16,0
2026-03-14,720dca6f,Steven Galvan,Barista,5.5,104.77,9474.16,0
2026-03-14,c148ed20,Ross Ingram,Cook,6.7,147.22,9474.16,0
2026-03-14,c148ed20,Ross Ingram,Cook,8.2,180.26,9474.16,0
2026-03-14,45f31968,Michelle Holmes,Manager,4.6,123.98,9474.16,0
2026-03-14,0116c6b4,Justin Riddle,Manager,8.4,213.83,9474.16,0
2026-03-14,68adc80e,Sherry Ramirez,Manager,8.0,206.51,9474.16,0
2026-03-14,7c156fc1,Jason Dunlap,Manager,5.4,142.47,9474.16,0
2026-03-14,45f31968,Michelle Holmes,Manager,4.8,131.72,9474.16,0
2026-03-14,dc63a543,Erin Thomas,Barista,7.7,146.04,9474.16,0
2026-03-14,07dcd876,Bryan Diaz,Manager,6.8,175.54,9474.16,0
2026-03-14,34840e79,Megan Harrington,Manager,8.5,204.84,9474.16,0
2026-03-14,0116c6b4,Justin Riddle,Manager,8.5,218.29,9474.16,0
2026-03-15,34840e79,Megan Harrington,Manager,4.8,116.44,8715.77,0
2026-03-15,e94a0a4e,Anthony Turner,Manager,7.3,195.67,8715.77,0
2026-03-15,dc63a543,Erin Thomas,Barista,5.9,112.85,8715.77,0
2026-03-15,34840e79,Megan Harrington,Manager,8.3,199.66,8715.77,0
2026-03-15,e94a0a4e,Anthony Turner,Manager,5.4,145.63,8715.77,0
2026-03-15,e2f2f6dd,Kylie Huerta,Barista,4.4,82.57,8715.77,0
2026-03-15,0116c6b4,Justin Riddle,Manager,4.4,112.51,8715.77,0
2026-03-15,720dca6f,Steven Galvan,Barista,4.6,86.46,8715.77,0
2026-03-15,e8256040,Gary Guzman,Barista,4.7,82.78,8715.77,0
2026-03-15,e94a0a4e,Anthony Turner,Manager,4.7,125.45,8715.77,0
2026-03-15,68adc80e,Sherry Ramirez,Manager,4.4,112.52,8715.77,0
2026-03-15,34840e79,Megan Harrington,Manager,7.1,171.27,8715.77,0
2026-03-15,34840e79,Megan Harrington,Manager,8.0,192.95,8715.77,0
2026-03-15,e94a0a4e,Anthony Turner,Manager,8.4,226.19,8715.77,0
2026-03-15,7c156fc1,Jason Dunlap,Manager,7.4,195.16,8715.77,0
2026-03-15,e94a0a4e,Anthony Turner,Manager,7.0,189.02,8715.77,0
2026-03-15,53bee1af,Darin Henry,Cook,5.8,114.61,8715.77,0
2026-03-15,68adc80e,Sherry Ramirez,Manager,7.2,185.77,8715.77,0
2026-03-15,dd35a1e4,Amanda Cabrera,Cook,6.0,126.53,8715.77,0
2026-03-15,dd35a1e4,Amanda Cabrera,Cook,5.4,113.45,8715.77,0
2026-03-15,68adc80e,Sherry Ramirez,Manager,7.0,181.02,8715.77,0
2026-03-16,e8256040,Gary Guzman,Barista,7.2,127.67,3786.07,0
2026-03-16,53bee1af,Darin Henry,Cook,7.4,147.71,3786.07,0
2026-03-16,45f31968,Michelle Holmes,Manager,6.0,162.52,3786.07,0
2026-03-16,53bee1af,Darin Henry,Cook,4.4,88.15,3786.07,0
2026-03-16,e2f2f6dd,Kylie Huerta,Barista,8.2,154.3,3786.07,0
2026-03-16,07dcd876,Bryan Diaz,Manager,6.7,173.62,3786.07,0
2026-03-16,720dca6f,Steven Galvan,Barista,8.0,150.49,3786.07,0
2026-03-16,53bee1af,Darin Henry,Cook,5.8,114.48,3786.07,0
2026-03-17,53bee1af,Darin Henry,Cook,5.5,109.42,4321.47,0
2026-03-17,e8256040,Gary Guzman,Barista,6.2,109.8,4321.47,0
2026-03-17,e94a0a4e,Anthony Turner,Manager,8.4,226.68,4321.47,0
2026-03-17,e8256040,Gary Guzman,Barista,5.8,102.31,4321.47,0
2026-03-17,34840e79,Megan Harrington,Manager,7.7,185.47,4321.47,0
2026-03-17,720dca6f,Steven Galvan,Barista,7.4,140.56,4321.47,1
2026-03-17,53bee1af,Darin Henry,Cook,4.7,93.81,4321.47,0
2026-03-17,0116c6b4,Justin Riddle,Manager,5.1,131.33,4321.47,0
2026-03-17,34840e79,Megan Harrington,Manager,7.2,173.03,4321.47,0
2026-03-18,45f31968,Michelle Holmes,Manager,8.4,228.67,5075.67,0
2026-03-18,dc63a543,Erin Thomas,Barista,8.5,160.84,5075.67,0
2026-03-18,e8256040,Gary Guzman,Barista,8.7,153.91,5075.67,0
2026-03-18,53bee1af,Darin Henry,Cook,7.4,146.48,5075.67,0
2026-03-18,e94a0a4e,Anthony Turner,Manager,7.2,194.45,5075.67,1
2026-03-18,dd35a1e4,Amanda Cabrera,Cook,4.9,104.03,5075.67,0
2026-03-18,07dcd876,Bryan Diaz,Manager,5.5,141.4,5075.67,0
2026-03-18,0116c6b4,Justin Riddle,Manager,7.3,187.76,5075.67,0
2026-03-18,53bee1af,Darin Henry,Cook,4.2,82.52,5075.67,0
2026-03-18,e2f2f6dd,Kylie Huerta,Barista,6.3,118.53,5075.67,0
2026-03-18,34840e79,Megan Harrington,Manager,6.2,148.76,5075.67,0
2026-03-18,e94a0a4e,Anthony Turner,Manager,8.4,226.11,5075.67,0
2026-03-19,e8256040,Gary Guzman,Barista,6.4,112.44,6261.93,0
2026-03-19,7c156fc1,Jason Dunlap,Manager,5.0,133.01,6261.93,0
2026-03-19,45f31968,Michelle Holmes,Manager,7.2,196.15,6261.93,0
2026-03-19,e2f2f6dd,Kylie Huerta,Barista,7.2,135.15,6261.93,0
2026-03-19,07dcd876,Bryan Diaz,Manager,6.2,159.16,6261.93,1
2026-03-19,53bee1af,Darin Henry,Cook,7.3,144.82,6261.93,0
2026-03-19,0116c6b4,Justin Riddle,Manager,4.4,111.75,6261.93,0
2026-03-19,53bee1af,Darin Henry,Cook,4.8,95.45,6261.93,0
2026-03-19,53bee1af,Darin Henry,Cook,4.0,80.3,6261.93,0
2026-03-19,53bee1af,Darin Henry,Cook,6.4,127.13,6261.93,0
2026-03-19,0116c6b4,Justin Riddle,Manager,6.0,152.63,6261.93,0
2026-03-19,c148ed20,Ross Ingram,Cook,6.1,133.05,6261.93,0
2026-03-19,dd35a1e4,Amanda Cabrera,Cook,7.4,156.09,6261.93,0
2026-03-19,34840e79,Megan Harrington,Manager,8.5,205.13,6261.93,0
2026-03-19,720dca6f,Steven Galvan,Barista,8.3,156.4,6261.93,0
2026-03-20,c148ed20,Ross Ingram,Cook,5.8,126.15,5179.72,0
2026-03-20,07dcd876,Bryan Diaz,Manager,7.0,179.5,5179.72,0
2026-03-20,45f31968,Michelle Holmes,Manager,7.6,207.91,5179.72,0
2026-03-20,e8256040,Gary Guzman,Barista,4.9,86.68,5179.72,0
2026-03-20,7c156fc1,Jason Dunlap,Manager,7.5,199.76,5179.72,0
2026-03-20,e94a0a4e,Anthony Turner,Manager,7.8,209.92,5179.72,0
2026-03-20,68adc80e,Sherry Ramirez,Manager,7.6,197.54,5179.72,0
2026-03-20,07dcd876,Bryan Diaz,Manager,7.6,197.14,5179.72,0
2026-03-20,7c156fc1,Jason Dunlap,Manager,8.0,211.44,5179.72,0
2026-03-20,7c156fc1,Jason Dunlap,Manager,7.6,200.97,5179.72,0
2026-03-20,45f31968,Michelle Holmes,Manager,8.1,219.75,5179.72,0
2026-03-21,dd35a1e4,Amanda Cabrera,Cook,5.5,116.76,7671.76,0
2026-03-21,dc63a543,Erin Thomas,Barista,7.4,140.14,7671.76,0
2026-03-21,68adc80e,Sherry Ramirez,Manager,4.5,116.46,7671.76,0
2026-03-21,e2f2f6dd,Kylie Huerta,Barista,7.7,145.25,7671.76,0
2026-03-21,c148ed20,Ross Ingram,Cook,8.8,193.57,7671.76,0
2026-03-21,45f31968,Michelle Holmes,Manager,5.3,145.11,7671.76,1
2026-03-21,68adc80e,Sherry Ramirez,Manager,4.9,125.85,7671.76,0
2026-03-21,34840e79,Megan Harrington,Manager,6.0,145.46,7671.76,1
2026-03-21,720dca6f,Steven Galvan,Barista,7.4,139.15,7671.76,0
2026-03-21,07dcd876,Bryan Diaz,Manager,8.1,208.79,7671.76,0
2026-03-21,34840e79,Megan Harrington,Manager,8.1,194.85,7671.76,0
2026-03-21,34840e79,Megan Harrington,Manager,7.4,177.33,7671.76,0
2026-03-21,68adc80e,Sherry Ramirez,Manager,5.5,141.02,7671.76,0
2026-03-21,e8256040,Gary Guzman,Barista,4.2,73.73,7671.76,0
2026-03-21,07dcd876,Bryan Diaz,Manager,6.1,157.42,7671.76,0
2026-03-21,68adc80e,Sherry Ramirez,Manager,4.1,104.84,7671.76,0
2026-03-21,c148ed20,Ross Ingram,Cook,8.0,175.76,7671.76,1
2026-03-21,720dca6f,Steven Galvan,Barista,5.5,104.69,7671.76,0
2026-03-21,e2f2f6dd,Kylie Huerta,Barista,6.8,127.83,7671.76,0
2026-03-22,3bc3cfff,Allen Sanchez,Cook,4.8,94.21,7247.35,0
2026-03-22,dd35a1e4,Amanda Cabrera,Cook,6.7,141.51,7247.35,0
2026-03-22,720dca6f,Steven Galvan,Barista,4.8,91.37,7247.35,0
2026-03-22,68adc80e,Sherry Ramirez,Manager,6.1,156.57,7247.35,0
2026-03-22,53bee1af,Darin Henry,Cook,6.2,122.98,7247.35,0
2026-03-22,53bee1af,Darin Henry,Cook,8.0,158.08,7247.35,0
2026-03-22,07dcd876,Bryan Diaz,Manager,8.2,212.15,7247.35,0
2026-03-22,3bc3cfff,Allen Sanchez,Cook,7.2,142.03,7247.35,1
2026-03-22,e2f2f6dd,Kylie Huerta,Barista,5.9,111.02,7247.35,0
2026-03-22,45f31968,Michelle Holmes,Manager,6.3,171.87,7247.35,0
2026-03-22,720dca6f,Steven Galvan,Barista,4.3,81.88,7247.35,0
2026-03-22,e94a0a4e,Anthony Turner,Manager,7.3,196.92,7247.35,0
2026-03-22,07dcd876,Bryan Diaz,Manager,7.8,201.17,7247.35,0
2026-03-22,45f31968,Michelle Holmes,Manager,7.6,207.23,7247.35,0
2026-03-22,68adc80e,Sherry Ramirez,Manager,7.7,200.03,7247.35,0
2026-03-22,53bee1af,Darin Henry,Cook,4.9,98.03,7247.35,0
2026-03-22,e94a0a4e,Anthony Turner,Manager,6.8,182.77,7247.35,1
2026-03-23,dc63a543,Erin Thomas,Barista,8.1,154.29,3764.66,0
2026-03-23,34840e79,Megan Harrington,Manager,6.8,164.49,3764.66,0
2026-03-23,53bee1af,Darin Henry,Cook,6.1,120.57,3764.66,0
2026-03-23,68adc80e,Sherry Ramirez,Manager,5.1,130.7,3764.66,0
2026-03-23,07dcd876,Bryan Diaz,Manager,7.4,190.39,3764.66,0
2026-03-23,dc63a543,Erin Thomas,Barista,4.8,90.7,3764.66,0
2026-03-23,0116c6b4,Justin Riddle,Manager,4.1,105.6,3764.66,0
2026-03-23,53bee1af,Darin Henry,Cook,8.2,162.15,3764.66,0
2026-03-23,34840e79,Megan Harrington,Manager,7.5,179.48,3764.66,0
2026-03-24,720dca6f,Steven Galvan,Barista,7.0,132.59,6164.67,0
2026-03-24,c148ed20,Ross Ingram,Cook,6.8,147.96,6164.67,0
2026-03-24,7c156fc1,Jason Dunlap,Manager,7.8,206.37,6164.67,0
2026-03-24,07dcd876,Bryan Diaz,Manager,4.3,111.36,6164.67,0
2026-03-24,dc63a543,Erin Thomas,Barista,6.4,121.27,6164.67,0
2026-03-24,3bc3cfff,Allen Sanchez,Cook,6.1,119.55,6164.67,0
2026-03-24,e8256040,Gary Guzman,Barista,6.6,116.8,6164.67,0
2026-03-24,0116c6b4,Justin Riddle,Manager,5.0,127.54,6164.67,0
2026-03-24,dd35a1e4,Amanda Cabrera,Cook,4.7,98.29,6164.67,0
2026-03-24,34840e79,Megan Harrington,Manager,8.0,192.37,6164.67,0
2026-03-24,dc63a543,Erin Thomas,Barista,5.3,100.85,6164.67,1
2026-03-24,0116c6b4,Justin Riddle,Manager,5.5,140.03,6164.67,0
2026-03-24,720dca6f,Steven Galvan,Barista,7.8,147.46,6164.67,0
2026-03-25,dc63a543,Erin Thomas,Barista,6.5,123.43,5359.74,0
2026-03-25,c148ed20,Ross Ingram,Cook,5.2,113.55,5359.74,1
2026-03-25,34840e79,Megan Harrington,Manager,7.3,174.76,5359.74,0
2026-03-25,3bc3cfff,Allen Sanchez,Cook,4.4,87.07,5359.74,0
2026-03-25,07dcd876,Bryan Diaz,Manager,5.0,128.11,5359.74,0
2026-03-25,53bee1af,Darin Henry,Cook,7.4,146.7,5359.74,0
2026-03-25,68adc80e,Sherry Ramirez,Manager,8.2,211.19,5359.74,0
2026-03-25,dc63a543,Erin Thomas,Barista,4.9,93.84,5359.74,1
2026-03-25,34840e79,Megan Harrington,Manager,6.3,151.99,5359.74,0
2026-03-25,e2f2f6dd,Kylie Huerta,Barista,5.7,107.87,5359.74,0
2026-03-25,dd35a1e4,Amanda Cabrera,Cook,7.2,151.1,5359.74,0
2026-03-25,e8256040,Gary Guzman,Barista,7.3,128.66,5359.74,0
2026-03-26,dd35a1e4,Amanda Cabrera,Cook,6.9,146.13,5168.71,0
2026-03-26,7c156fc1,Jason Dunlap,Manager,4.2,110.09,5168.71,0
2026-03-26,e8256040,Gary Guzman,Barista,5.8,102.36,5168.71,0
2026-03-26,e8256040,Gary Guzman,Barista,6.4,113.21,5168.71,0
2026-03-26,34840e79,Megan Harrington,Manager,6.1,146.98,5168.71,0
2026-03-26,e2f2f6dd,Kylie Huerta,Barista,5.1,96.72,5168.71,0
2026-03-26,dc63a543,Erin Thomas,Barista,4.2,80.32,5168.71,0
2026-03-26,53bee1af,Darin Henry,Cook,4.4,86.36,5168.71,0
2026-03-26,53bee1af,Darin Henry,Cook,5.1,101.28,5168.71,0
2026-03-26,3bc3cfff,Allen Sanchez,Cook,6.1,120.51,5168.71,0
2026-03-26,53bee1af,Darin Henry,Cook,6.5,129.07,5168.71,0
2026-03-26,dd35a1e4,Amanda Cabrera,Cook,7.5,157.9,5168.71,0
2026-03-27,dc63a543,Erin Thomas,Barista,9.0,170.5,4277.64,0
2026-03-27,c148ed20,Ross Ingram,Cook,6.5,141.95,4277.64,0
2026-03-27,e2f2f6dd,Kylie Huerta,Barista,7.0,132.46,4277.64,0
2026-03-27,7c156fc1,Jason Dunlap,Manager,8.6,228.56,4277.64,0
2026-03-27,53bee1af,Darin Henry,Cook,8.9,176.05,4277.64,0
2026-03-27,e94a0a4e,Anthony Turner,Manager,5.6,150.48,4277.64,0
2026-03-27,53bee1af,Darin Henry,Cook,7.6,151.61,4277.64,0
2026-03-27,c148ed20,Ross Ingram,Cook,5.7,125.49,4277.64,0
2026-03-27,45f31968,Michelle Holmes,Manager,8.5,230.53,4277.64,0
2026-03-27,0116c6b4,Justin Riddle,Manager,7.3,186.42,4277.64,0
2026-03-28,68adc80e,Sherry Ramirez,Manager,7.3,188.56,6936.21,0
2026-03-28,720dca6f,Steven Galvan,Barista,8.1,153.4,6936.21,0
2026-03-28,53bee1af,Darin Henry,Cook,8.3,165.31,6936.21,0
2026-03-28,3bc3cfff,Allen Sanchez,Cook,4.0,78.61,6936.21,0
2026-03-28,3bc3cfff,Allen Sanchez,Cook,4.7,91.33,6936.21,0
2026-03-28,e2f2f6dd,Kylie Huerta,Barista,4.4,83.27,6936.21,0
2026-03-28,53bee1af,Darin Henry,Cook,6.0,118.89,6936.21,0
2026-03-28,45f31968,Michelle Holmes,Manager,8.3,224.53,6936.21,0
2026-03-28,7c156fc1,Jason Dunlap,Manager,4.0,106.03,6936.21,0
2026-03-28,e94a0a4e,Anthony Turner,Manager,8.2,220.46,6936.21,0
2026-03-28,dd35a1e4,Amanda Cabrera,Cook,4.0,84.4,6936.21,0
2026-03-28,53bee1af,Darin Henry,Cook,5.9,117.52,6936.21,0
2026-03-28,dc63a543,Erin Thomas,Barista,4.3,82.12,6936.21,0
2026-03-28,53bee1af,Darin Henry,Cook,7.2,142.17,6936.21,0
2026-03-28,c148ed20,Ross Ingram,Cook,7.9,172.97,6936.21,0
2026-03-28,45f31968,Michelle Holmes,Manager,5.5,149.28,6936.21,0
2026-03-29,53bee1af,Darin Henry,Cook,4.8,94.68,9076.17,0
2026-03-29,e8256040,Gary Guzman,Barista,5.7,100.42,9076.17,0
2026-03-29,e94a0a4e,Anthony Turner,Manager,6.3,168.88,9076.17,0
2026-03-29,e8256040,Gary Guzman,Barista,4.3,76.04,9076.17,0
2026-03-29,45f31968,Michelle Holmes,Manager,8.1,219.39,9076.17,0
2026-03-29,7c156fc1,Jason Dunlap,Manager,4.8,127.39,9076.17,0
2026-03-29,68adc80e,Sherry Ramirez,Manager,4.6,118.41,9076.17,0
2026-03-29,dc63a543,Erin Thomas,Barista,5.9,111.12,9076.17,0
2026-03-29,45f31968,Michelle Holmes,Manager,5.4,146.43,9076.17,0
2026-03-29,7c156fc1,Jason Dunlap,Manager,8.7,229.75,9076.17,0
2026-03-29,c148ed20,Ross Ingram,Cook,5.8,126.04,9076.17,0
2026-03-29,c148ed20,Ross Ingram,Cook,4.2,92.85,9076.17,0
2026-03-29,68adc80e,Sherry Ramirez,Manager,4.1,105.24,9076.17,0
2026-03-29,3bc3cfff,Allen Sanchez,Cook,5.4,106.28,9076.17,0
2026-03-29,45f31968,Michelle Holmes,Manager,6.6,178.33,9076.17,0
2026-03-29,e8256040,Gary Guzman,Barista,5.3,93.43,9076.17,0
2026-03-29,07dcd876,Bryan Diaz,Manager,8.2,212.0,9076.17,0
2026-03-29,c148ed20,Ross Ingram,Cook,8.6,189.14,9076.17,0
2026-03-29,0116c6b4,Justin Riddle,Manager,4.9,125.07,9076.17,0
2026-03-29,dd35a1e4,Amanda Cabrera,Cook,6.9,146.4,9076.17,0
2026-03-29,45f31968,Michelle Holmes,Manager,7.7,208.04,9076.17,0
2026-03-29,53bee1af,Darin Henry,Cook,8.2,162.04,9076.17,0
2026-03-30,7c156fc1,Jason Dunlap,Manager,7.2,189.63,6202.24,0
2026-03-30,e2f2f6dd,Kylie Huerta,Barista,5.8,109.13,6202.24,0
2026-03-30,dc63a543,Erin Thomas,Barista,7.7,146.28,6202.24,1
2026-03-30,e8256040,Gary Guzman,Barista,6.2,109.54,6202.24,0
2026-03-30,07dcd876,Bryan Diaz,Manager,4.5,115.07,6202.24,0
2026-03-30,e8256040,Gary Guzman,Barista,6.6,116.68,6202.24,0
2026-03-30,34840e79,Megan Harrington,Manager,7.7,186.6,6202.24,0
2026-03-30,0116c6b4,Justin Riddle,Manager,6.1,156.99,6202.24,0
2026-03-30,720dca6f,Steven Galvan,Barista,7.2,136.97,6202.24,0
2026-03-30,720dca6f,Steven Galvan,Barista,7.4,139.77,6202.24,0
2026-03-30,34840e79,Megan Harrington,Manager,8.3,199.76,6202.24,0
2026-03-30,45f31968,Michelle Holmes,Manager,8.0,218.03,6202.24,0
2026-03-30,c148ed20,Ross Ingram,Cook,7.4,161.08,6202.24,0
2026-03-31,45f31968,Michelle Holmes,Manager,5.0,135.76,3627.14,0
2026-03-31,68adc80e,Sherry Ramirez,Manager,7.9,205.17,3627.14,0
2026-03-31,34840e79,Megan Harrington,Manager,7.8,188.38,3627.14,0
2026-03-31,dd35a1e4,Amanda Cabrera,Cook,8.0,169.05,3627.14,0
2026-03-31,0116c6b4,Justin Riddle,Manager,8.0,205.22,3627.14,0
2026-03-31,dd35a1e4,Amanda Cabrera,Cook,5.9,124.85,3627.14,0
2026-03-31,53bee1af,Darin Henry,Cook,8.1,161.73,3627.14,0
2026-03-31,e8256040,Gary Guzman,Barista,5.7,101.53,3627.14,0
2026-03-31,dd35a1e4,Amanda Cabrera,Cook,4.3,90.33,3627.14,0
2026-04-01,c148ed20,Ross Ingram,Cook,6.3,136.95,5351.48,0
2026-04-01,7c156fc1,Jason Dunlap,Manager,5.3,139.85,5351.48,0
2026-04-01,dc63a543,Erin Thomas,Barista,6.4,121.29,5351.48,0
2026-04-01,07dcd876,Bryan Diaz,Manager,7.6,196.59,5351.48,0
2026-04-01,dc63a543,Erin Thomas,Barista,5.4,101.92,5351.48,0
2026-04-01,53bee1af,Darin Henry,Cook,6.3,125.13,5351.48,0
2026-04-01,e2f2f6dd,Kylie Huerta,Barista,5.3,100.79,5351.48,0
2026-04-01,34840e79,Megan Harrington,Manager,5.2,124.44,5351.48,0
2026-04-01,c148ed20,Ross Ingram,Cook,8.8,191.91,5351.48,0
2026-04-01,07dcd876,Bryan Diaz,Manager,7.8,201.51,5351.48,1
2026-04-01,07dcd876,Bryan Diaz,Manager,4.1,104.99,5351.48,0
2026-04-01,e8256040,Gary Guzman,Barista,8.8,154.75,5351.48,0
2026-04-02,53bee1af,Darin Henry,Cook,6.0,119.25,7136.52,0
2026-04-02,c148ed20,Ross Ingram,Cook,4.9,107.16,7136.52,0
2026-04-02,3bc3cfff,Allen Sanchez,Cook,7.1,140.14,7136.52,0
2026-04-02,3bc3cfff,Allen Sanchez,Cook,7.2,140.84,7136.52,0
2026-04-02,dd35a1e4,Amanda Cabrera,Cook,5.8,122.64,7136.52,0
2026-04-02,720dca6f,Steven Galvan,Barista,7.5,140.81,7136.52,0
2026-04-02,e94a0a4e,Anthony Turner,Manager,4.0,108.53,7136.52,0
2026-04-02,0116c6b4,Justin Riddle,Manager,8.4,215.61,7136.52,0
2026-04-02,dd35a1e4,Amanda Cabrera,Cook,8.8,184.84,7136.52,0
2026-04-02,720dca6f,Steven Galvan,Barista,5.3,100.34,7136.52,0
2026-04-02,0116c6b4,Justin Riddle,Manager,6.2,157.91,7136.52,0
2026-04-02,7c156fc1,Jason Dunlap,Manager,4.3,112.66,7136.52,0
2026-04-02,53bee1af,Darin Henry,Cook,6.4,127.51,7136.52,1
2026-04-02,720dca6f,Steven Galvan,Barista,7.4,139.92,7136.52,0
2026-04-02,720dca6f,Steven Galvan,Barista,8.3,156.58,7136.52,0
2026-04-02,45f31968,Michelle Holmes,Manager,5.6,153.33,7136.52,0
2026-04-03,e94a0a4e,Anthony Turner,Manager,7.4,199.33,3736.29,0
2026-04-03,c148ed20,Ross Ingram,Cook,5.6,122.81,3736.29,0
2026-04-03,0116c6b4,Justin Riddle,Manager,4.5,115.38,3736.29,0
2026-04-03,07dcd876,Bryan Diaz,Manager,4.6,119.3,3736.29,0
2026-04-03,0116c6b4,Justin Riddle,Manager,8.0,205.46,3736.29,0
2026-04-03,53bee1af,Darin Henry,Cook,5.4,107.97,3736.29,0
2026-04-03,68adc80e,Sherry Ramirez,Manager,6.4,166.02,3736.29,0
2026-04-03,e8256040,Gary Guzman,Barista,8.2,144.59,3736.29,0
2026-04-03,c148ed20,Ross Ingram,Cook,4.6,100.47,3736.29,1
2026-04-04,07dcd876,Bryan Diaz,Manager,7.1,182.96,9884.07,0
2026-04-04,e2f2f6dd,Kylie Huerta,Barista,7.4,140.27,9884.07,0
2026-04-04,e2f2f6dd,Kylie Huerta,Barista,6.7,127.17,9884.07,0
2026-04-04,e8256040,Gary Guzman,Barista,7.5,132.0,9884.07,1
2026-04-04,3bc3cfff,Allen Sanchez,Cook,7.6,149.04,9884.07,0
2026-04-04,53bee1af,Darin Henry,Cook,5.1,101.81,9884.07,0
2026-04-04,e94a0a4e,Anthony Turner,Manager,5.6,150.53,9884.07,1
2026-04-04,34840e79,Megan Harrington,Manager,4.9,118.83,9884.07,0
2026-04-04,7c156fc1,Jason Dunlap,Manager,4.2,110.17,9884.07,0
2026-04-04,07dcd876,Bryan Diaz,Manager,5.2,134.14,9884.07,0
2026-04-04,c148ed20,Ross Ingram,Cook,6.2,136.22,9884.07,0
2026-04-04,720dca6f,Steven Galvan,Barista,8.4,159.17,9884.07,0
2026-04-04,dd35a1e4,Amanda Cabrera,Cook,4.2,88.45,9884.07,0
2026-04-04,720dca6f,Steven Galvan,Barista,8.7,164.32,9884.07,0
2026-04-04,34840e79,Megan Harrington,Manager,6.1,146.55,9884.07,0
2026-04-04,c148ed20,Ross Ingram,Cook,7.3,158.79,9884.07,0
2026-04-04,c148ed20,Ross Ingram,Cook,8.1,177.37,9884.07,1
2026-04-04,07dcd876,Bryan Diaz,Manager,8.8,227.4,9884.07,0
2026-04-04,e2f2f6dd,Kylie Huerta,Barista,4.1,78.12,9884.07,0
2026-04-04,34840e79,Megan Harrington,Manager,6.4,155.0,9884.07,0
2026-04-04,7c156fc1,Jason Dunlap,Manager,8.8,231.9,9884.07,0
2026-04-04,3bc3cfff,Allen Sanchez,Cook,4.4,85.77,9884.07,0
2026-04-05,dc63a543,Erin Thomas,Barista,8.7,165.83,7659.87,0
2026-04-05,720dca6f,Steven Galvan,Barista,9.0,169.67,7659.87,0
2026-04-05,e94a0a4e,Anthony Turner,Manager,5.4,144.3,7659.87,0
2026-04-05,3bc3cfff,Allen Sanchez,Cook,6.2,120.84,7659.87,0
2026-04-05,dc63a543,Erin Thomas,Barista,4.7,89.5,7659.87,0
2026-04-05,e2f2f6dd,Kylie Huerta,Barista,7.6,143.38,7659.87,0
2026-04-05,3bc3cfff,Allen Sanchez,Cook,7.5,146.18,7659.87,0
2026-04-05,0116c6b4,Justin Riddle,Manager,7.7,198.05,7659.87,1
2026-04-05,e2f2f6dd,Kylie Huerta,Barista,6.0,113.82,7659.87,1
2026-04-05,45f31968,Michelle Holmes,Manager,6.0,162.52,7659.87,0
2026-04-05,0116c6b4,Justin Riddle,Manager,5.1,130.57,7659.87,0
2026-04-05,dd35a1e4,Amanda Cabrera,Cook,5.8,123.08,7659.87,0
2026-04-05,34840e79,Megan Harrington,Manager,7.7,186.21,7659.87,1
2026-04-05,7c156fc1,Jason Dunlap,Manager,4.9,129.18,7659.87,0
2026-04-05,e94a0a4e,Anthony Turner,Manager,7.0,189.81,7659.87,0
2026-04-05,7c156fc1,Jason Dunlap,Manager,7.6,200.44,7659.87,0
2026-04-05,e2f2f6dd,Kylie Huerta,Barista,4.7,88.15,7659.87,0
2026-04-05,c148ed20,Ross Ingram,Cook,6.5,142.24,7659.87,0
2026-04-06,dc63a543,Erin Thomas,Barista,4.8,91.37,5807.96,0
2026-04-06,0116c6b4,Justin Riddle,Manager,5.6,142.82,5807.96,0
2026-04-06,45f31968,Michelle Holmes,Manager,4.6,124.05,5807.96,0
2026-04-06,c148ed20,Ross Ingram,Cook,7.5,163.81,5807.96,0
2026-04-06,53bee1af,Darin Henry,Cook,8.6,169.9,5807.96,0
2026-04-06,45f31968,Michelle Holmes,Manager,5.6,151.13,5807.96,0
2026-04-06,e8256040,Gary Guzman,Barista,7.3,129.53,5807.96,0
2026-04-06,dd35a1e4,Amanda Cabrera,Cook,4.7,98.88,5807.96,0
2026-04-06,0116c6b4,Justin Riddle,Manager,6.2,158.47,5807.96,0
2026-04-06,e2f2f6dd,Kylie Huerta,Barista,6.6,125.19,5807.96,0
2026-04-06,720dca6f,Steven Galvan,Barista,7.1,134.72,5807.96,0
2026-04-06,07dcd876,Bryan Diaz,Manager,7.1,183.29,5807.96,0
2026-04-07,45f31968,Michelle Holmes,Manager,4.3,116.4,4382.54,0
2026-04-07,720dca6f,Steven Galvan,Barista,7.9,148.8,4382.54,0
2026-04-07,720dca6f,Steven Galvan,Barista,8.5,160.18,4382.54,0
2026-04-07,34840e79,Megan Harrington,Manager,8.5,205.42,4382.54,0
2026-04-07,c148ed20,Ross Ingram,Cook,8.8,193.54,4382.54,0
2026-04-07,68adc80e,Sherry Ramirez,Manager,4.7,121.63,4382.54,0
2026-04-07,45f31968,Michelle Holmes,Manager,7.3,197.92,4382.54,0
2026-04-07,dd35a1e4,Amanda Cabrera,Cook,4.8,101.66,4382.54,0
2026-04-07,68adc80e,Sherry Ramirez,Manager,7.9,204.23,4382.54,0
2026-04-07,53bee1af,Darin Henry,Cook,8.4,166.22,4382.54,0
2026-04-08,e2f2f6dd,Kylie Huerta,Barista,4.5,84.59,4899.52,0
2026-04-08,45f31968,Michelle Holmes,Manager,9.0,244.62,4899.52,0
2026-04-08,720dca6f,Steven Galvan,Barista,5.7,108.14,4899.52,0
2026-04-08,dd35a1e4,Amanda Cabrera,Cook,7.1,150.83,4899.52,0
2026-04-08,dc63a543,Erin Thomas,Barista,7.9,150.48,4899.52,0
2026-04-08,53bee1af,Darin Henry,Cook,4.6,92.09,4899.52,0
2026-04-08,e8256040,Gary Guzman,Barista,6.1,106.93,4899.52,0
2026-04-08,45f31968,Michelle Holmes,Manager,5.7,155.7,4899.52,0
2026-04-08,34840e79,Megan Harrington,Manager,4.7,113.64,4899.52,1
2026-04-08,0116c6b4,Justin Riddle,Manager,5.2,132.23,4899.52,0
2026-04-09,07dcd876,Bryan Diaz,Manager,6.2,161.13,4942.61,0
2026-04-09,07dcd876,Bryan Diaz,Manager,6.3,161.52,4942.61,0
2026-04-09,7c156fc1,Jason Dunlap,Manager,6.7,177.74,4942.61,0
2026-04-09,dc63a543,Erin Thomas,Barista,8.7,164.43,4942.61,0
2026-04-09,3bc3cfff,Allen Sanchez,Cook,4.9,95.63,4942.61,0
2026-04-09,0116c6b4,Justin Riddle,Manager,8.0,204.87,4942.61,0
2026-04-09,3bc3cfff,Allen Sanchez,Cook,6.0,118.5,4942.61,0
2026-04-09,34840e79,Megan Harrington,Manager,8.2,197.96,4942.61,0
2026-04-09,dd35a1e4,Amanda Cabrera,Cook,8.8,186.55,4942.61,0
2026-04-09,53bee1af,Darin Henry,Cook,4.7,93.6,4942.61,1
2026-04-09,0116c6b4,Justin Riddle,Manager,6.5,166.27,4942.61,0
2026-04-10,e94a0a4e,Anthony Turner,Manager,8.8,237.3,5034.87,0
2026-04-10,dd35a1e4,Amanda Cabrera,Cook,4.7,98.38,5034.87,0
2026-04-10,e2f2f6dd,Kylie Huerta,Barista,4.5,85.12,5034.87,0
2026-04-10,0116c6b4,Justin Riddle,Manager,4.6,118.67,5034.87,0
2026-04-10,3bc3cfff,Allen Sanchez,Cook,6.7,131.03,5034.87,0
2026-04-10,7c156fc1,Jason Dunlap,Manager,6.9,181.69,5034.87,0
2026-04-10,dc63a543,Erin Thomas,Barista,6.3,119.57,5034.87,0
2026-04-10,7c156fc1,Jason Dunlap,Manager,6.3,166.47,5034.87,0
2026-04-10,dc63a543,Erin Thomas,Barista,7.7,146.26,5034.87,0
2026-04-10,07dcd876,Bryan Diaz,Manager,6.5,166.93,5034.87,0
2026-04-10,dc63a543,Erin Thomas,Barista,4.2,79.49,5034.87,0
2026-04-10,e94a0a4e,Anthony Turner,Manager,5.9,158.34,5034.87,0
2026-04-11,53bee1af,Darin Henry,Cook,6.4,126.18,11194.96,0
2026-04-11,dc63a543,Erin Thomas,Barista,6.9,130.87,11194.96,0
2026-04-11,0116c6b4,Justin Riddle,Manager,4.8,122.21,11194.96,0
2026-04-11,dd35a1e4,Amanda Cabrera,Cook,4.3,89.97,11194.96,0
2026-04-11,34840e79,Megan Harrington,Manager,5.1,121.62,11194.96,0
2026-04-11,0116c6b4,Justin Riddle,Manager,9.0,230.38,11194.96,1
2026-04-11,e8256040,Gary Guzman,Barista,4.5,78.62,11194.96,0
2026-04-11,7c156fc1,Jason Dunlap,Manager,8.0,212.18,11194.96,0
2026-04-11,e8256040,Gary Guzman,Barista,4.6,81.36,11194.96,0
2026-04-11,45f31968,Michelle Holmes,Manager,5.8,156.91,11194.96,0
2026-04-11,720dca6f,Steven Galvan,Barista,4.1,76.6,11194.96,0
2026-04-11,45f31968,Michelle Holmes,Manager,5.1,138.05,11194.96,0
2026-04-11,dd35a1e4,Amanda Cabrera,Cook,5.8,121.33,11194.96,0
2026-04-11,53bee1af,Darin Henry,Cook,6.7,133.11,11194.96,0
2026-04-11,e2f2f6dd,Kylie Huerta,Barista,7.7,145.89,11194.96,0
2026-04-11,dc63a543,Erin Thomas,Barista,7.5,142.58,11194.96,1
2026-04-11,dd35a1e4,Amanda Cabrera,Cook,7.4,155.16,11194.96,0
2026-04-11,34840e79,Megan Harrington,Manager,4.4,105.56,11194.96,0
2026-04-11,720dca6f,Steven Galvan,Barista,6.5,123.67,11194.96,0
2026-04-11,7c156fc1,Jason Dunlap,Manager,8.1,215.0,11194.96,0
2026-04-11,dc63a543,Erin Thomas,Barista,8.8,166.46,11194.96,0
2026-04-11,720dca6f,Steven Galvan,Barista,4.8,91.12,11194.96,0
2026-04-11,e94a0a4e,Anthony Turner,Manager,6.9,186.01,11194.96,0
2026-04-11,3bc3cfff,Allen Sanchez,Cook,5.4,105.93,11194.96,0
2026-04-11,53bee1af,Darin Henry,Cook,8.3,164.45,11194.96,0
2026-04-12,e8256040,Gary Guzman,Barista,4.6,81.73,7645.38,0
2026-04-12,c148ed20,Ross Ingram,Cook,5.9,129.94,7645.38,0
2026-04-12,53bee1af,Darin Henry,Cook,6.8,134.26,7645.38,0
2026-04-12,45f31968,Michelle Holmes,Manager,6.4,174.59,7645.38,0
2026-04-12,07dcd876,Bryan Diaz,Manager,4.2,108.58,7645.38,0
2026-04-12,0116c6b4,Justin Riddle,Manager,8.7,221.96,7645.38,0
2026-04-12,07dcd876,Bryan Diaz,Manager,6.4,165.57,7645.38,0
2026-04-12,dc63a543,Erin Thomas,Barista,5.1,96.53,7645.38,0
2026-04-12,0116c6b4,Justin Riddle,Manager,4.4,113.25,7645.38,0
2026-04-12,0116c6b4,Justin Riddle,Manager,8.3,211.8,7645.38,0
2026-04-12,720dca6f,Steven Galvan,Barista,8.5,161.38,7645.38,0
2026-04-12,3bc3cfff,Allen Sanchez,Cook,5.3,103.04,7645.38,0
2026-04-12,07dcd876,Bryan Diaz,Manager,8.9,229.7,7645.38,0
2026-04-12,34840e79,Megan Harrington,Manager,4.1,99.44,7645.38,0
2026-04-12,07dcd876,Bryan Diaz,Manager,4.8,123.27,7645.38,0
2026-04-12,e8256040,Gary Guzman,Barista,8.9,156.71,7645.38,0
2026-04-13,dd35a1e4,Amanda Cabrera,Cook,6.1,127.69,5285.89,0
2026-04-13,720dca6f,Steven Galvan,Barista,4.1,78.35,5285.89,0
2026-04-13,7c156fc1,Jason Dunlap,Manager,4.6,122.96,5285.89,0
2026-04-13,0116c6b4,Justin Riddle,Manager,7.3,187.24,5285.89,0
2026-04-13,68adc80e,Sherry Ramirez,Manager,5.4,140.29,5285.89,0
2026-04-13,53bee1af,Darin Henry,Cook,5.7,112.95,5285.89,0
2026-04-13,dd35a1e4,Amanda Cabrera,Cook,6.1,127.72,5285.89,0
2026-04-13,e2f2f6dd,Kylie Huerta,Barista,5.3,99.29,5285.89,0
2026-04-13,34840e79,Megan Harrington,Manager,7.8,187.44,5285.89,0
2026-04-13,34840e79,Megan Harrington,Manager,8.4,201.61,5285.89,1
2026-04-13,c148ed20,Ross Ingram,Cook,5.5,120.11,5285.89,0
2026-04-14,dd35a1e4,Amanda Cabrera,Cook,4.1,87.02,5605.17,1
2026-04-14,0116c6b4,Justin Riddle,Manager,6.5,166.17,5605.17,0
2026-04-14,7c156fc1,Jason Dunlap,Manager,8.1,215.41,5605.17,0
2026-04-14,0116c6b4,Justin Riddle,Manager,7.5,193.13,5605.17,0
2026-04-14,34840e79,Megan Harrington,Manager,9.0,216.07,5605.17,0
2026-04-14,dd35a1e4,Amanda Cabrera,Cook,6.9,144.78,5605.17,0
2026-04-14,dc63a543,Erin Thomas,Barista,5.2,97.91,5605.17,0
2026-04-14,dd35a1e4,Amanda Cabrera,Cook,6.9,146.45,5605.17,0
2026-04-14,720dca6f,Steven Galvan,Barista,5.7,107.06,5605.17,0
2026-04-14,53bee1af,Darin Henry,Cook,6.3,125.49,5605.17,0
2026-04-14,3bc3cfff,Allen Sanchez,Cook,4.7,91.32,5605.17,0
2026-04-14,45f31968,Michelle Holmes,Manager,5.1,138.03,5605.17,0
2026-04-14,0116c6b4,Justin Riddle,Manager,5.8,148.91,5605.17,0
2026-04-15,34840e79,Megan Harrington,Manager,8.5,205.82,4408.47,0
2026-04-15,e8256040,Gary Guzman,Barista,6.5,115.51,4408.47,0
2026-04-15,68adc80e,Sherry Ramirez,Manager,6.0,154.11,4408.47,0
2026-04-15,dd35a1e4,Amanda Cabrera,Cook,7.5,158.69,4408.47,1
2026-04-15,c148ed20,Ross Ingram,Cook,6.6,143.45,4408.47,0
2026-04-15,dd35a1e4,Amanda Cabrera,Cook,8.3,175.01,4408.47,0
2026-04-15,34840e79,Megan Harrington,Manager,5.0,120.47,4408.47,0
2026-04-15,e94a0a4e,Anthony Turner,Manager,8.3,222.24,4408.47,0
2026-04-15,34840e79,Megan Harrington,Manager,6.4,153.53,4408.47,0
2026-04-15,c148ed20,Ross Ingram,Cook,5.1,112.59,4408.47,0
2026-04-16,34840e79,Megan Harrington,Manager,5.5,132.22,2380.85,0
2026-04-16,e94a0a4e,Anthony Turner,Manager,5.9,158.75,2380.85,0
2026-04-16,dc63a543,Erin Thomas,Barista,8.4,159.1,2380.85,1
2026-04-16,68adc80e,Sherry Ramirez,Manager,6.3,162.23,2380.85,0
2026-04-16,e94a0a4e,Anthony Turner,Manager,4.0,107.75,2380.85,0
2026-04-16,dd35a1e4,Amanda Cabrera,Cook,4.4,92.69,2380.85,0
2026-04-16,c148ed20,Ross Ingram,Cook,5.9,129.53,2380.85,0
2026-04-17,7c156fc1,Jason Dunlap,Manager,7.2,191.38,3709.48,0
2026-04-17,e94a0a4e,Anthony Turner,Manager,6.4,172.86,3709.48,0
2026-04-17,e2f2f6dd,Kylie Huerta,Barista,4.7,87.93,3709.48,0
2026-04-17,68adc80e,Sherry Ramirez,Manager,6.5,168.44,3709.48,0
2026-04-17,dd35a1e4,Amanda Cabrera,Cook,7.0,146.66,3709.48,0
2026-04-17,7c156fc1,Jason Dunlap,Manager,8.2,216.84,3709.48,0
2026-04-17,dd35a1e4,Amanda Cabrera,Cook,8.8,186.68,3709.48,0
2026-04-17,720dca6f,Steven Galvan,Barista,6.9,129.64,3709.48,0
2026-04-18,dd35a1e4,Amanda Cabrera,Cook,4.8,101.51,8151.21,0
2026-04-18,720dca6f,Steven Galvan,Barista,7.1,134.77,8151.21,0
2026-04-18,53bee1af,Darin Henry,Cook,6.5,129.87,8151.21,0
2026-04-18,34840e79,Megan Harrington,Manager,7.1,169.89,8151.21,0
2026-04-18,7c156fc1,Jason Dunlap,Manager,9.0,237.13,8151.21,0
2026-04-18,c148ed20,Ross Ingram,Cook,7.0,153.79,8151.21,0
2026-04-18,7c156fc1,Jason Dunlap,Manager,7.7,203.07,8151.21,0
2026-04-18,e8256040,Gary Guzman,Barista,8.5,150.33,8151.21,0
2026-04-18,e94a0a4e,Anthony Turner,Manager,5.2,140.67,8151.21,0
2026-04-18,34840e79,Megan Harrington,Manager,7.8,188.38,8151.21,0
2026-04-18,c148ed20,Ross Ingram,Cook,4.1,90.02,8151.21,0
2026-04-18,dc63a543,Erin Thomas,Barista,8.6,164.03,8151.21,0
2026-04-18,7c156fc1,Jason Dunlap,Manager,6.0,159.98,8151.21,0
2026-04-18,45f31968,Michelle Holmes,Manager,7.3,198.47,8151.21,0
2026-04-18,e94a0a4e,Anthony Turner,Manager,6.8,182.43,8151.21,0
2026-04-18,07dcd876,Bryan Diaz,Manager,8.0,206.77,8151.21,0
2026-04-18,34840e79,Megan Harrington,Manager,4.8,114.56,8151.21,0
2026-04-18,e2f2f6dd,Kylie Huerta,Barista,5.2,97.53,8151.21,0
2026-04-18,7c156fc1,Jason Dunlap,Manager,5.2,136.86,8151.21,1
2026-04-18,e8256040,Gary Guzman,Barista,6.3,110.81,8151.21,0
2026-04-19,720dca6f,Steven Galvan,Barista,7.6,143.33,6322.8,0
2026-04-19,53bee1af,Darin Henry,Cook,4.9,98.17,6322.8,0
2026-04-19,7c156fc1,Jason Dunlap,Manager,4.4,117.69,6322.8,0
2026-04-19,3bc3cfff,Allen Sanchez,Cook,7.6,149.29,6322.8,0
2026-04-19,0116c6b4,Justin Riddle,Manager,7.1,182.53,6322.8,0
2026-04-19,0116c6b4,Justin Riddle,Manager,6.2,159.58,6322.8,0
2026-04-19,c148ed20,Ross Ingram,Cook,4.9,108.14,6322.8,0
2026-04-19,0116c6b4,Justin Riddle,Manager,5.1,129.33,6322.8,1
2026-04-19,e8256040,Gary Guzman,Barista,7.8,137.18,6322.8,0
2026-04-19,dd35a1e4,Amanda Cabrera,Cook,7.4,155.82,6322.8,0
2026-04-19,dc63a543,Erin Thomas,Barista,8.5,161.38,6322.8,0
2026-04-19,53bee1af,Darin Henry,Cook,4.1,81.39,6322.8,0
2026-04-19,dd35a1e4,Amanda Cabrera,Cook,6.2,130.76,6322.8,0
2026-04-19,720dca6f,Steven Galvan,Barista,5.4,101.28,6322.8,0
2026-04-19,e2f2f6dd,Kylie Huerta,Barista,6.8,128.15,6322.8,0
2026-04-19,e8256040,Gary Guzman,Barista,5.7,100.46,6322.8,0
2026-04-20,07dcd876,Bryan Diaz,Manager,5.4,138.43,5799.07,0
2026-04-20,dc63a543,Erin Thomas,Barista,4.3,81.69,5799.07,0
2026-04-20,dd35a1e4,Amanda Cabrera,Cook,6.0,127.54,5799.07,0
2026-04-20,34840e79,Megan Harrington,Manager,5.5,131.56,5799.07,0
2026-04-20,68adc80e,Sherry Ramirez,Manager,6.9,178.4,5799.07,0
2026-04-20,e94a0a4e,Anthony Turner,Manager,6.1,163.93,5799.07,0
2026-04-20,3bc3cfff,Allen Sanchez,Cook,8.1,157.98,5799.07,0
2026-04-20,3bc3cfff,Allen Sanchez,Cook,7.4,144.23,5799.07,0
2026-04-20,dc63a543,Erin Thomas,Barista,4.3,80.68,5799.07,0
2026-04-20,dc63a543,Erin Thomas,Barista,8.4,160.27,5799.07,0
2026-04-20,e8256040,Gary Guzman,Barista,8.6,152.06,5799.07,0
2026-04-20,3bc3cfff,Allen Sanchez,Cook,4.6,90.24,5799.07,0
2026-04-20,e8256040,Gary Guzman,Barista,7.6,134.33,5799.07,0
2026-04-20,3bc3cfff,Allen Sanchez,Cook,8.2,160.47,5799.07,0
2026-04-21,34840e79,Megan Harrington,Manager,4.3,102.75,5698.97,0
2026-04-21,68adc80e,Sherry Ramirez,Manager,4.4,112.71,5698.97,0
2026-04-21,34840e79,Megan Harrington,Manager,4.5,108.36,5698.97,1
2026-04-21,e94a0a4e,Anthony Turner,Manager,4.2,112.22,5698.97,0
2026-04-21,3bc3cfff,Allen Sanchez,Cook,6.0,118.44,5698.97,0
2026-04-21,53bee1af,Darin Henry,Cook,8.8,174.64,5698.97,0
2026-04-21,45f31968,Michelle Holmes,Manager,5.9,160.07,5698.97,0
2026-04-21,68adc80e,Sherry Ramirez,Manager,6.6,170.47,5698.97,0
2026-04-21,dc63a543,Erin Thomas,Barista,8.9,169.08,5698.97,0
2026-04-21,c148ed20,Ross Ingram,Cook,5.7,124.89,5698.97,0
2026-04-21,34840e79,Megan Harrington,Manager,6.0,144.43,5698.97,0
2026-04-21,34840e79,Megan Harrington,Manager,4.7,114.01,5698.97,0
2026-04-22,e8256040,Gary Guzman,Barista,5.2,91.76,4015.16,0
2026-04-22,720dca6f,Steven Galvan,Barista,6.8,129.16,4015.16,0
2026-04-22,e8256040,Gary Guzman,Barista,6.8,120.15,4015.16,0
2026-04-22,c148ed20,Ross Ingram,Cook,6.8,149.76,4015.16,0
2026-04-22,07dcd876,Bryan Diaz,Manager,5.3,135.57,4015.16,0
2026-04-22,3bc3cfff,Allen Sanchez,Cook,6.9,134.87,4015.16,0
2026-04-22,c148ed20,Ross Ingram,Cook,6.7,146.17,4015.16,0
2026-04-22,68adc80e,Sherry Ramirez,Manager,6.5,167.21,4015.16,0
2026-04-23,07dcd876,Bryan Diaz,Manager,8.9,230.14,5568.48,0
2026-04-23,e94a0a4e,Anthony Turner,Manager,4.7,125.27,5568.48,0
2026-04-23,dc63a543,Erin Thomas,Barista,6.4,120.73,5568.48,0
2026-04-23,68adc80e,Sherry Ramirez,Manager,7.1,184.57,5568.48,0
2026-04-23,53bee1af,Darin Henry,Cook,8.4,167.62,5568.48,1
2026-04-23,e2f2f6dd,Kylie Huerta,Barista,7.3,138.23,5568.48,0
2026-04-23,68adc80e,Sherry Ramirez,Manager,6.9,179.13,5568.48,0
2026-04-23,dc63a543,Erin Thomas,Barista,8.5,161.8,5568.48,0
2026-04-23,07dcd876,Bryan Diaz,Manager,5.5,143.27,5568.48,0
2026-04-23,dc63a543,Erin Thomas,Barista,5.4,101.79,5568.48,0
2026-04-23,dd35a1e4,Amanda Cabrera,Cook,5.8,122.77,5568.48,0
2026-04-23,7c156fc1,Jason Dunlap,Manager,7.9,208.09,5568.48,0
2026-04-23,53bee1af,Darin Henry,Cook,5.1,100.6,5568.48,1
2026-04-23,3bc3cfff,Allen Sanchez,Cook,7.9,154.72,5568.48,0
2026-04-24,34840e79,Megan Harrington,Manager,4.6,111.65,5145.75,0
2026-04-24,34840e79,Megan Harrington,Manager,4.6,111.08,5145.75,0
2026-04-24,07dcd876,Bryan Diaz,Manager,6.2,159.51,5145.75,0
2026-04-24,68adc80e,Sherry Ramirez,Manager,5.8,150.06,5145.75,0
2026-04-24,dd35a1e4,Amanda Cabrera,Cook,6.2,131.17,5145.75,0
2026-04-24,34840e79,Megan Harrington,Manager,4.2,102.03,5145.75,0
2026-04-24,0116c6b4,Justin Riddle,Manager,4.1,104.71,5145.75,0
2026-04-24,e8256040,Gary Guzman,Barista,4.1,73.19,5145.75,0
2026-04-24,7c156fc1,Jason Dunlap,Manager,5.9,155.33,5145.75,0
2026-04-24,0116c6b4,Justin Riddle,Manager,5.5,141.28,5145.75,0
2026-04-24,45f31968,Michelle Holmes,Manager,4.6,125.92,5145.75,0
2026-04-24,3bc3cfff,Allen Sanchez,Cook,5.0,97.59,5145.75,0
2026-04-24,3bc3cfff,Allen Sanchez,Cook,4.5,87.78,5145.75,1
2026-04-25,3bc3cfff,Allen Sanchez,Cook,5.8,114.27,10172.51,0
2026-04-25,53bee1af,Darin Henry,Cook,6.0,119.83,10172.51,0
2026-04-25,720dca6f,Steven Galvan,Barista,6.8,128.31,10172.51,0
2026-04-25,7c156fc1,Jason Dunlap,Manager,6.8,178.85,10172.51,0
2026-04-25,dc63a543,Erin Thomas,Barista,6.7,127.86,10172.51,0
2026-04-25,dc63a543,Erin Thomas,Barista,7.3,139.37,10172.51,0
2026-04-25,720dca6f,Steven Galvan,Barista,5.6,106.56,10172.51,0
2026-04-25,720dca6f,Steven Galvan,Barista,4.5,85.8,10172.51,0
2026-04-25,dd35a1e4,Amanda Cabrera,Cook,5.1,108.22,10172.51,1
2026-04-25,0116c6b4,Justin Riddle,Manager,7.9,201.13,10172.51,0
2026-04-25,7c156fc1,Jason Dunlap,Manager,4.6,122.38,10172.51,0
2026-04-25,3bc3cfff,Allen Sanchez,Cook,8.7,171.26,10172.51,0
2026-04-25,e8256040,Gary Guzman,Barista,7.4,130.02,10172.51,0
2026-04-25,dd35a1e4,Amanda Cabrera,Cook,6.3,133.21,10172.51,0
2026-04-25,c148ed20,Ross Ingram,Cook,7.2,158.33,10172.51,0
2026-04-25,07dcd876,Bryan Diaz,Manager,9.0,232.34,10172.51,0
2026-04-25,e8256040,Gary Guzman,Barista,7.4,131.5,10172.51,0
2026-04-25,720dca6f,Steven Galvan,Barista,8.3,156.16,10172.51,0
2026-04-25,e94a0a4e,Anthony Turner,Manager,4.3,116.41,10172.51,0
2026-04-25,e2f2f6dd,Kylie Huerta,Barista,8.2,154.19,10172.51,0
2026-04-25,dc63a543,Erin Thomas,Barista,8.4,160.08,10172.51,0
2026-04-25,34840e79,Megan Harrington,Manager,5.5,133.48,10172.51,0
2026-04-26,0116c6b4,Justin Riddle,Manager,7.4,190.61,8611.89,0
2026-04-26,e8256040,Gary Guzman,Barista,5.0,88.11,8611.89,0
2026-04-26,e94a0a4e,Anthony Turner,Manager,7.1,190.04,8611.89,0
2026-04-26,dd35a1e4,Amanda Cabrera,Cook,4.6,96.05,8611.89,0
2026-04-26,e2f2f6dd,Kylie Huerta,Barista,8.5,160.43,8611.89,0
2026-04-26,7c156fc1,Jason Dunlap,Manager,7.0,186.44,8611.89,0
2026-04-26,c148ed20,Ross Ingram,Cook,6.3,137.04,8611.89,0
2026-04-26,c148ed20,Ross Ingram,Cook,4.8,104.72,8611.89,0
2026-04-26,e94a0a4e,Anthony Turner,Manager,7.9,213.74,8611.89,0
2026-04-26,34840e79,Megan Harrington,Manager,7.3,175.68,8611.89,0
2026-04-26,dc63a543,Erin Thomas,Barista,7.0,132.19,8611.89,0
2026-04-26,34840e79,Megan Harrington,Manager,6.4,155.05,8611.89,0
2026-04-26,dc63a543,Erin Thomas,Barista,4.9,92.27,8611.89,0
2026-04-26,07dcd876,Bryan Diaz,Manager,7.9,203.46,8611.89,0
2026-04-26,e94a0a4e,Anthony Turner,Manager,6.6,179.04,8611.89,0
2026-04-26,0116c6b4,Justin Riddle,Manager,4.4,112.58,8611.89,0
2026-04-26,7c156fc1,Jason Dunlap,Manager,4.1,107.87,8611.89,0
2026-04-26,68adc80e,Sherry Ramirez,Manager,8.3,214.77,8611.89,0
2026-04-26,68adc80e,Sherry Ramirez,Manager,7.0,181.43,8611.89,0
2026-04-27,34840e79,Megan Harrington,Manager,7.8,188.78,3687.84,0
2026-04-27,dd35a1e4,Amanda Cabrera,Cook,6.1,127.88,3687.84,1
2026-04-27,45f31968,Michelle Holmes,Manager,6.6,178.43,3687.84,0
2026-04-27,e94a0a4e,Anthony Turner,Manager,8.4,226.44,3687.84,0
2026-04-27,c148ed20,Ross Ingram,Cook,8.0,174.1,3687.84,1
2026-04-27,68adc80e,Sherry Ramirez,Manager,7.1,184.43,3687.84,0
2026-04-27,7c156fc1,Jason Dunlap,Manager,6.1,162.34,3687.84,0
2026-04-27,07dcd876,Bryan Diaz,Manager,8.2,210.72,3687.84,0
2026-04-28,68adc80e,Sherry Ramirez,Manager,4.4,114.97,3887.38,0
2026-04-28,7c156fc1,Jason Dunlap,Manager,7.0,186.57,3887.38,0
2026-04-28,c148ed20,Ross Ingram,Cook,5.2,114.81,3887.38,0
2026-04-28,dc63a543,Erin Thomas,Barista,4.6,87.87,3887.38,0
2026-04-28,45f31968,Michelle Holmes,Manager,4.1,110.95,3887.38,0
2026-04-28,e8256040,Gary Guzman,Barista,4.6,81.81,3887.38,0
2026-04-28,dd35a1e4,Amanda Cabrera,Cook,7.3,154.73,3887.38,0
2026-04-28,07dcd876,Bryan Diaz,Manager,4.6,119.7,3887.38,0
2026-04-28,53bee1af,Darin Henry,Cook,8.7,173.05,3887.38,1
2026-04-29,720dca6f,Steven Galvan,Barista,4.6,87.52,5644.1,0
2026-04-29,34840e79,Megan Harrington,Manager,9.0,216.06,5644.1,0
2026-04-29,07dcd876,Bryan Diaz,Manager,5.0,129.21,5644.1,0
2026-04-29,45f31968,Michelle Holmes,Manager,8.6,233.14,5644.1,0
2026-04-29,dd35a1e4,Amanda Cabrera,Cook,7.5,158.05,5644.1,0
2026-04-29,0116c6b4,Justin Riddle,Manager,5.6,144.01,5644.1,0
2026-04-29,dc63a543,Erin Thomas,Barista,7.9,149.57,5644.1,0
2026-04-29,07dcd876,Bryan Diaz,Manager,7.6,196.42,5644.1,1
2026-04-29,e2f2f6dd,Kylie Huerta,Barista,5.9,112.33,5644.1,0
2026-04-29,07dcd876,Bryan Diaz,Manager,6.8,175.17,5644.1,0
2026-04-29,e2f2f6dd,Kylie Huerta,Barista,5.1,95.8,5644.1,0
2026-04-29,e94a0a4e,Anthony Turner,Manager,4.9,132.87,5644.1,0
2026-04-29,68adc80e,Sherry Ramirez,Manager,5.9,151.49,5644.1,0
2026-04-29,3bc3cfff,Allen Sanchez,Cook,5.7,111.87,5644.1,0
2026-04-30,7c156fc1,Jason Dunlap,Manager,6.8,179.89,5138.08,0
2026-04-30,e94a0a4e,Anthony Turner,Manager,5.3,141.85,5138.08,0
2026-04-30,0116c6b4,Justin Riddle,Manager,8.4,214.09,5138.08,0
2026-04-30,7c156fc1,Jason Dunlap,Manager,4.5,120.1,5138.08,0
2026-04-30,7c156fc1,Jason Dunlap,Manager,6.6,174.36,5138.08,0
2026-04-30,e2f2f6dd,Kylie Huerta,Barista,5.1,96.35,5138.08,0
2026-04-30,dd35a1e4,Amanda Cabrera,Cook,8.3,174.88,5138.08,0
2026-04-30,53bee1af,Darin Henry,Cook,6.3,126.03,5138.08,0
2026-04-30,34840e79,Megan Harrington,Manager,7.0,168.73,5138.08,0
2026-04-30,dc63a543,Erin Thomas,Barista,7.6,143.81,5138.08,0
2026-04-30,dd35a1e4,Amanda Cabrera,Cook,6.3,133.04,5138.08,0
2026-05-01,720dca6f,Steven Galvan,Barista,7.0,132.4,3113.87,0
2026-05-01,dc63a543,Erin Thomas,Barista,5.6,106.51,3113.87,0
2026-05-01,45f31968,Michelle Holmes,Manager,6.0,164.11,3113.87,0
2026-05-01,720dca6f,Steven Galvan,Barista,5.1,95.49,3113.87,0
2026-05-01,07dcd876,Bryan Diaz,Manager,6.7,172.34,3113.87,0
2026-05-01,e8256040,Gary Guzman,Barista,8.7,153.17,3113.87,1
2026-05-01,34840e79,Megan Harrington,Manager,8.8,211.17,3113.87,0
2026-05-02,0116c6b4,Justin Riddle,Manager,6.8,173.42,9150.67,0
2026-05-02,53bee1af,Darin Henry,Cook,6.0,118.36,9150.67,0
2026-05-02,c148ed20,Ross Ingram,Cook,4.3,93.65,9150.67,0
2026-05-02,7c156fc1,Jason Dunlap,Manager,6.2,165.17,9150.67,0
2026-05-02,dc63a543,Erin Thomas,Barista,4.6,88.18,9150.67,0
2026-05-02,e8256040,Gary Guzman,Barista,7.4,130.46,9150.67,0
2026-05-02,e2f2f6dd,Kylie Huerta,Barista,7.6,143.71,9150.67,0
2026-05-02,e2f2f6dd,Kylie Huerta,Barista,8.7,165.17,9150.67,0
2026-05-02,53bee1af,Darin Henry,Cook,4.7,93.19,9150.67,0
2026-05-02,dc63a543,Erin Thomas,Barista,8.0,152.24,9150.67,0
2026-05-02,c148ed20,Ross Ingram,Cook,7.8,170.2,9150.67,0
2026-05-02,e8256040,Gary Guzman,Barista,6.3,111.34,9150.67,0
2026-05-02,720dca6f,Steven Galvan,Barista,6.8,128.6,9150.67,0
2026-05-02,7c156fc1,Jason Dunlap,Manager,4.6,120.9,9150.67,0
2026-05-02,45f31968,Michelle Holmes,Manager,8.3,226.07,9150.67,0
2026-05-02,53bee1af,Darin Henry,Cook,7.6,150.37,9150.67,0
2026-05-02,53bee1af,Darin Henry,Cook,7.6,151.55,9150.67,0
2026-05-02,0116c6b4,Justin Riddle,Manager,4.1,103.81,9150.67,0
2026-05-02,e94a0a4e,Anthony Turner,Manager,4.6,122.58,9150.67,0
2026-05-02,07dcd876,Bryan Diaz,Manager,7.9,203.61,9150.67,0
2026-05-02,dd35a1e4,Amanda Cabrera,Cook,5.5,115.66,9150.67,0
2026-05-02,c148ed20,Ross Ingram,Cook,5.6,122.93,9150.67,0
2026-05-03,0116c6b4,Justin Riddle,Manager,6.2,159.77,10911.63,0
2026-05-03,dd35a1e4,Amanda Cabrera,Cook,5.0,106.24,10911.63,0
2026-05-03,07dcd876,Bryan Diaz,Manager,7.1,183.81,10911.63,1
2026-05-03,720dca6f,Steven Galvan,Barista,6.9,130.78,10911.63,0
2026-05-03,07dcd876,Bryan Diaz,Manager,4.9,126.45,10911.63,1
2026-05-03,07dcd876,Bryan Diaz,Manager,5.4,138.92,10911.63,0
2026-05-03,e2f2f6dd,Kylie Huerta,Barista,5.8,109.32,10911.63,0
2026-05-03,e94a0a4e,Anthony Turner,Manager,4.9,132.86,10911.63,0
2026-05-03,c148ed20,Ross Ingram,Cook,7.5,164.61,10911.63,0
2026-05-03,e2f2f6dd,Kylie Huerta,Barista,8.2,154.77,10911.63,0
2026-05-03,07dcd876,Bryan Diaz,Manager,4.3,111.22,10911.63,0
2026-05-03,c148ed20,Ross Ingram,Cook,4.8,104.35,10911.63,0
2026-05-03,45f31968,Michelle Holmes,Manager,7.6,207.58,10911.63,0
2026-05-03,720dca6f,Steven Galvan,Barista,7.9,148.74,10911.63,0
2026-05-03,720dca6f,Steven Galvan,Barista,8.3,156.89,10911.63,0
2026-05-03,e94a0a4e,Anthony Turner,Manager,7.0,187.88,10911.63,0
2026-05-03,07dcd876,Bryan Diaz,Manager,8.0,206.66,10911.63,0
2026-05-03,53bee1af,Darin Henry,Cook,7.4,146.12,10911.63,0
2026-05-03,dc63a543,Erin Thomas,Barista,6.8,129.25,10911.63,0
2026-05-03,0116c6b4,Justin Riddle,Manager,5.5,141.5,10911.63,0
2026-05-03,07dcd876,Bryan Diaz,Manager,6.0,154.68,10911.63,0
2026-05-03,720dca6f,Steven Galvan,Barista,6.3,118.18,10911.63,0
2026-05-03,34840e79,Megan Harrington,Manager,6.8,162.78,10911.63,0
2026-05-03,720dca6f,Steven Galvan,Barista,4.9,91.91,10911.63,1
2026-05-03,e2f2f6dd,Kylie Huerta,Barista,5.1,95.87,10911.63,0
2026-05-04,34840e79,Megan Harrington,Manager,8.2,197.7,5532.78,0
2026-05-04,e8256040,Gary Guzman,Barista,8.2,144.09,5532.78,0
2026-05-04,45f31968,Michelle Holmes,Manager,8.9,242.71,5532.78,0
2026-05-04,e94a0a4e,Anthony Turner,Manager,8.4,226.83,5532.78,0
2026-05-04,0116c6b4,Justin Riddle,Manager,7.4,189.61,5532.78,0
2026-05-04,07dcd876,Bryan Diaz,Manager,6.7,173.3,5532.78,0
2026-05-04,720dca6f,Steven Galvan,Barista,6.6,124.18,5532.78,0
2026-05-04,dd35a1e4,Amanda Cabrera,Cook,6.8,143.47,5532.78,0
2026-05-04,68adc80e,Sherry Ramirez,Manager,7.5,193.39,5532.78,0
2026-05-04,45f31968,Michelle Holmes,Manager,6.9,186.91,5532.78,0
2026-05-04,07dcd876,Bryan Diaz,Manager,7.6,197.48,5532.78,0
2026-05-04,0116c6b4,Justin Riddle,Manager,8.9,226.93,5532.78,0
2026-05-04,e2f2f6dd,Kylie Huerta,Barista,8.0,151.69,5532.78,0
2026-05-05,0116c6b4,Justin Riddle,Manager,4.3,109.85,4194.47,0
2026-05-05,dd35a1e4,Amanda Cabrera,Cook,5.4,113.83,4194.47,0
2026-05-05,53bee1af,Darin Henry,Cook,8.3,164.97,4194.47,0
2026-05-05,3bc3cfff,Allen Sanchez,Cook,4.8,95.01,4194.47,1
2026-05-05,07dcd876,Bryan Diaz,Manager,6.2,159.3,4194.47,0
2026-05-05,34840e79,Megan Harrington,Manager,8.1,195.44,4194.47,0
2026-05-05,e2f2f6dd,Kylie Huerta,Barista,4.1,76.71,4194.47,0
2026-05-05,e8256040,Gary Guzman,Barista,6.7,117.46,4194.47,0
2026-05-05,0116c6b4,Justin Riddle,Manager,7.8,200.95,4194.47,0
2026-05-06,3bc3cfff,Allen Sanchez,Cook,5.9,116.72,5630.15,0
2026-05-06,53bee1af,Darin Henry,Cook,6.4,126.96,5630.15,0
2026-05-06,c148ed20,Ross Ingram,Cook,5.3,114.95,5630.15,0
2026-05-06,07dcd876,Bryan Diaz,Manager,7.5,194.1,5630.15,0
2026-05-06,45f31968,Michelle Holmes,Manager,4.9,132.83,5630.15,1
2026-05-06,dd35a1e4,Amanda Cabrera,Cook,8.4,177.01,5630.15,0
2026-05-06,e94a0a4e,Anthony Turner,Manager,5.5,148.06,5630.15,0
2026-05-06,e94a0a4e,Anthony Turner,Manager,6.6,176.67,5630.15,0
2026-05-06,07dcd876,Bryan Diaz,Manager,6.3,161.73,5630.15,0
2026-05-06,dc63a543,Erin Thomas,Barista,6.6,125.5,5630.15,0
2026-05-06,68adc80e,Sherry Ramirez,Manager,5.1,132.69,5630.15,0
2026-05-06,e2f2f6dd,Kylie Huerta,Barista,8.9,167.37,5630.15,0
2026-05-06,68adc80e,Sherry Ramirez,Manager,5.3,137.32,5630.15,1
2026-05-07,dc63a543,Erin Thomas,Barista,5.2,99.53,6501.49,0
2026-05-07,34840e79,Megan Harrington,Manager,6.4,154.89,6501.49,0
2026-05-07,e2f2f6dd,Kylie Huerta,Barista,7.9,149.21,6501.49,0
2026-05-07,e2f2f6dd,Kylie Huerta,Barista,5.1,97.2,6501.49,0
2026-05-07,0116c6b4,Justin Riddle,Manager,6.1,155.96,6501.49,0
2026-05-07,3bc3cfff,Allen Sanchez,Cook,7.4,146.13,6501.49,0
2026-05-07,53bee1af,Darin Henry,Cook,4.1,80.73,6501.49,0
2026-05-07,dc63a543,Erin Thomas,Barista,7.3,139.16,6501.49,0
2026-05-07,34840e79,Megan Harrington,Manager,4.8,116.45,6501.49,1
2026-05-07,07dcd876,Bryan Diaz,Manager,4.8,124.75,6501.49,0
2026-05-07,53bee1af,Darin Henry,Cook,7.0,139.67,6501.49,0
2026-05-07,53bee1af,Darin Henry,Cook,8.2,161.92,6501.49,0
2026-05-07,68adc80e,Sherry Ramirez,Manager,8.9,230.51,6501.49,1
2026-05-07,720dca6f,Steven Galvan,Barista,7.4,140.0,6501.49,0
2026-05-07,e8256040,Gary Guzman,Barista,6.3,110.49,6501.49,0
2026-05-07,720dca6f,Steven Galvan,Barista,5.9,111.01,6501.49,0
2026-05-08,e8256040,Gary Guzman,Barista,8.2,145.31,4827.5,0
2026-05-08,7c156fc1,Jason Dunlap,Manager,8.6,226.68,4827.5,0
2026-05-08,53bee1af,Darin Henry,Cook,5.3,104.59,4827.5,0
2026-05-08,0116c6b4,Justin Riddle,Manager,6.9,176.64,4827.5,0
2026-05-08,07dcd876,Bryan Diaz,Manager,6.3,162.08,4827.5,0
2026-05-08,68adc80e,Sherry Ramirez,Manager,5.6,144.36,4827.5,0
2026-05-08,e94a0a4e,Anthony Turner,Manager,5.7,152.21,4827.5,0
2026-05-08,e94a0a4e,Anthony Turner,Manager,4.9,131.74,4827.5,0
2026-05-08,53bee1af,Darin Henry,Cook,8.9,176.23,4827.5,0
2026-05-08,720dca6f,Steven Galvan,Barista,6.0,113.4,4827.5,0
2026-05-08,3bc3cfff,Allen Sanchez,Cook,6.8,134.19,4827.5,1
2026-05-08,e2f2f6dd,Kylie Huerta,Barista,6.1,115.07,4827.5,0
2026-05-09,e94a0a4e,Anthony Turner,Manager,4.5,121.67,6500.56,0
2026-05-09,c148ed20,Ross Ingram,Cook,7.5,163.49,6500.56,0
2026-05-09,68adc80e,Sherry Ramirez,Manager,8.8,226.42,6500.56,0
2026-05-09,3bc3cfff,Allen Sanchez,Cook,4.1,80.13,6500.56,0
2026-05-09,3bc3cfff,Allen Sanchez,Cook,6.3,123.78,6500.56,0
2026-05-09,7c156fc1,Jason Dunlap,Manager,8.2,218.21,6500.56,1
2026-05-09,720dca6f,Steven Galvan,Barista,4.8,91.34,6500.56,0
2026-05-09,68adc80e,Sherry Ramirez,Manager,7.8,202.4,6500.56,0
2026-05-09,e2f2f6dd,Kylie Huerta,Barista,6.8,128.24,6500.56,0
2026-05-09,45f31968,Michelle Holmes,Manager,4.4,118.41,6500.56,0
2026-05-09,53bee1af,Darin Henry,Cook,4.5,88.36,6500.56,0
2026-05-09,7c156fc1,Jason Dunlap,Manager,7.1,188.35,6500.56,0
2026-05-09,53bee1af,Darin Henry,Cook,5.7,112.6,6500.56,1
2026-05-09,e2f2f6dd,Kylie Huerta,Barista,5.5,103.59,6500.56,0
2026-05-09,7c156fc1,Jason Dunlap,Manager,5.6,148.46,6500.56,0
2026-05-09,0116c6b4,Justin Riddle,Manager,7.5,192.02,6500.56,0
2026-05-10,7c156fc1,Jason Dunlap,Manager,7.0,184.51,6739.17,0
2026-05-10,68adc80e,Sherry Ramirez,Manager,7.3,187.81,6739.17,0
2026-05-10,e2f2f6dd,Kylie Huerta,Barista,7.6,143.31,6739.17,0
2026-05-10,68adc80e,Sherry Ramirez,Manager,8.9,230.45,6739.17,0
2026-05-10,07dcd876,Bryan Diaz,Manager,6.4,164.02,6739.17,1
2026-05-10,0116c6b4,Justin Riddle,Manager,4.9,125.63,6739.17,1
2026-05-10,07dcd876,Bryan Diaz,Manager,7.7,197.74,6739.17,0
2026-05-10,e8256040,Gary Guzman,Barista,8.4,148.59,6739.17,0
2026-05-10,68adc80e,Sherry Ramirez,Manager,5.8,151.02,6739.17,0
2026-05-10,dd35a1e4,Amanda Cabrera,Cook,5.2,109.99,6739.17,0
2026-05-10,7c156fc1,Jason Dunlap,Manager,6.6,175.29,6739.17,0
2026-05-10,dc63a543,Erin Thomas,Barista,5.0,94.39,6739.17,0
2026-05-10,53bee1af,Darin Henry,Cook,6.1,121.72,6739.17,0
2026-05-10,34840e79,Megan Harrington,Manager,4.2,102.08,6739.17,0
2026-05-11,3bc3cfff,Allen Sanchez,Cook,7.5,146.98,5211.14,0
2026-05-11,68adc80e,Sherry Ramirez,Manager,5.1,131.78,5211.14,1
2026-05-11,e2f2f6dd,Kylie Huerta,Barista,4.1,77.31,5211.14,0
2026-05-11,0116c6b4,Justin Riddle,Manager,7.0,178.68,5211.14,0
2026-05-11,3bc3cfff,Allen Sanchez,Cook,4.7,91.7,5211.14,0
2026-05-11,e8256040,Gary Guzman,Barista,5.1,90.86,5211.14,0
2026-05-11,7c156fc1,Jason Dunlap,Manager,8.3,220.84,5211.14,0
2026-05-11,e2f2f6dd,Kylie Huerta,Barista,7.1,134.67,5211.14,0
2026-05-11,53bee1af,Darin Henry,Cook,6.5,129.67,5211.14,0
2026-05-11,0116c6b4,Justin Riddle,Manager,5.5,141.33,5211.14,0
2026-05-11,dc63a543,Erin Thomas,Barista,7.2,137.04,5211.14,0
2026-05-12,e8256040,Gary Guzman,Barista,6.6,116.06,4086.27,0
2026-05-12,e94a0a4e,Anthony Turner,Manager,4.0,108.49,4086.27,0
2026-05-12,45f31968,Michelle Holmes,Manager,4.1,110.13,4086.27,0
2026-05-12,0116c6b4,Justin Riddle,Manager,5.0,129.14,4086.27,0
2026-05-12,53bee1af,Darin Henry,Cook,8.8,175.27,4086.27,0
2026-05-12,e8256040,Gary Guzman,Barista,4.8,85.0,4086.27,0
2026-05-12,45f31968,Michelle Holmes,Manager,7.3,198.15,4086.27,0
2026-05-12,dc63a543,Erin Thomas,Barista,5.3,99.86,4086.27,0
2026-05-12,07dcd876,Bryan Diaz,Manager,7.3,188.55,4086.27,0
2026-05-13,07dcd876,Bryan Diaz,Manager,6.7,173.84,5870.53,0
2026-05-13,720dca6f,Steven Galvan,Barista,8.8,166.34,5870.53,0
2026-05-13,53bee1af,Darin Henry,Cook,4.2,82.77,5870.53,0
2026-05-13,c148ed20,Ross Ingram,Cook,8.7,191.01,5870.53,0
2026-05-13,53bee1af,Darin Henry,Cook,5.6,110.28,5870.53,0
2026-05-13,3bc3cfff,Allen Sanchez,Cook,5.3,103.26,5870.53,0
2026-05-13,dc63a543,Erin Thomas,Barista,6.5,124.19,5870.53,0
2026-05-13,7c156fc1,Jason Dunlap,Manager,7.7,204.26,5870.53,0
2026-05-13,45f31968,Michelle Holmes,Manager,7.4,202.38,5870.53,0
2026-05-13,34840e79,Megan Harrington,Manager,5.8,139.93,5870.53,0
2026-05-13,720dca6f,Steven Galvan,Barista,6.1,115.61,5870.53,0
2026-05-13,e94a0a4e,Anthony Turner,Manager,8.4,227.41,5870.53,0
2026-05-13,0116c6b4,Justin Riddle,Manager,5.9,151.34,5870.53,0
2026-05-14,07dcd876,Bryan Diaz,Manager,7.9,204.25,5806.17,0
2026-05-14,53bee1af,Darin Henry,Cook,8.5,168.94,5806.17,1
2026-05-14,e8256040,Gary Guzman,Barista,5.7,100.55,5806.17,0
2026-05-14,c148ed20,Ross Ingram,Cook,7.4,161.03,5806.17,0
2026-05-14,e94a0a4e,Anthony Turner,Manager,6.4,173.44,5806.17,0
2026-05-14,53bee1af,Darin Henry,Cook,4.1,81.86,5806.17,0
2026-05-14,720dca6f,Steven Galvan,Barista,7.3,138.72,5806.17,0
2026-05-14,53bee1af,Darin Henry,Cook,5.3,105.91,5806.17,0
2026-05-14,e8256040,Gary Guzman,Barista,5.2,91.03,5806.17,0
2026-05-14,e94a0a4e,Anthony Turner,Manager,8.5,228.51,5806.17,0
2026-05-14,e94a0a4e,Anthony Turner,Manager,5.3,141.5,5806.17,0
2026-05-14,e94a0a4e,Anthony Turner,Manager,7.0,189.08,5806.17,0
2026-05-14,e8256040,Gary Guzman,Barista,7.1,124.74,5806.17,0
2026-05-15,dc63a543,Erin Thomas,Barista,6.1,114.78,3775.47,0
2026-05-15,68adc80e,Sherry Ramirez,Manager,8.0,207.04,3775.47,0
2026-05-15,720dca6f,Steven Galvan,Barista,7.0,132.57,3775.47,0
2026-05-15,07dcd876,Bryan Diaz,Manager,8.1,209.97,3775.47,0
2026-05-15,dd35a1e4,Amanda Cabrera,Cook,4.8,102.32,3775.47,0
2026-05-15,dc63a543,Erin Thomas,Barista,8.8,167.35,3775.47,0
2026-05-15,68adc80e,Sherry Ramirez,Manager,5.9,151.4,3775.47,0
2026-05-15,3bc3cfff,Allen Sanchez,Cook,8.6,168.49,3775.47,0
2026-05-16,34840e79,Megan Harrington,Manager,7.0,168.34,7639.44,0
2026-05-16,dd35a1e4,Amanda Cabrera,Cook,8.4,177.57,7639.44,0
2026-05-16,dc63a543,Erin Thomas,Barista,5.5,104.05,7639.44,0
2026-05-16,68adc80e,Sherry Ramirez,Manager,7.5,194.33,7639.44,0
2026-05-16,7c156fc1,Jason Dunlap,Manager,6.2,165.3,7639.44,0
2026-05-16,e2f2f6dd,Kylie Huerta,Barista,5.5,103.54,7639.44,0
2026-05-16,3bc3cfff,Allen Sanchez,Cook,4.9,95.58,7639.44,0
2026-05-16,0116c6b4,Justin Riddle,Manager,5.2,132.83,7639.44,0
2026-05-16,dd35a1e4,Amanda Cabrera,Cook,9.0,189.75,7639.44,0
2026-05-16,53bee1af,Darin Henry,Cook,4.4,86.45,7639.44,0
2026-05-16,53bee1af,Darin Henry,Cook,8.0,158.69,7639.44,0
2026-05-16,34840e79,Megan Harrington,Manager,8.4,202.23,7639.44,0
2026-05-16,3bc3cfff,Allen Sanchez,Cook,6.0,117.42,7639.44,0
2026-05-16,7c156fc1,Jason Dunlap,Manager,7.8,206.0,7639.44,0
2026-05-16,e8256040,Gary Guzman,Barista,5.8,101.8,7639.44,0
2026-05-16,e8256040,Gary Guzman,Barista,6.1,108.07,7639.44,0
2026-05-16,0116c6b4,Justin Riddle,Manager,7.0,180.09,7639.44,0
2026-05-17,34840e79,Megan Harrington,Manager,4.0,96.79,10666.66,0
2026-05-17,0116c6b4,Justin Riddle,Manager,8.6,219.83,10666.66,0
2026-05-17,45f31968,Michelle Holmes,Manager,5.7,154.32,10666.66,0
2026-05-17,dc63a543,Erin Thomas,Barista,7.5,142.34,10666.66,0
2026-05-17,0116c6b4,Justin Riddle,Manager,4.4,113.63,10666.66,0
2026-05-17,0116c6b4,Justin Riddle,Manager,6.8,173.03,10666.66,0
2026-05-17,dd35a1e4,Amanda Cabrera,Cook,8.6,180.48,10666.66,0
2026-05-17,68adc80e,Sherry Ramirez,Manager,6.6,171.37,10666.66,0
2026-05-17,0116c6b4,Justin Riddle,Manager,8.1,206.57,10666.66,0
2026-05-17,e94a0a4e,Anthony Turner,Manager,4.1,111.56,10666.66,0
2026-05-17,3bc3cfff,Allen Sanchez,Cook,4.8,94.59,10666.66,0
2026-05-17,e8256040,Gary Guzman,Barista,7.7,135.45,10666.66,0
2026-05-17,e94a0a4e,Anthony Turner,Manager,4.4,119.82,10666.66,0
2026-05-17,53bee1af,Darin Henry,Cook,6.7,132.69,10666.66,0
2026-05-17,e8256040,Gary Guzman,Barista,8.3,146.99,10666.66,0
2026-05-17,c148ed20,Ross Ingram,Cook,6.4,139.57,10666.66,0
2026-05-17,68adc80e,Sherry Ramirez,Manager,4.8,124.63,10666.66,1
2026-05-17,53bee1af,Darin Henry,Cook,8.2,162.68,10666.66,0
2026-05-17,07dcd876,Bryan Diaz,Manager,8.8,226.68,10666.66,0
2026-05-17,34840e79,Megan Harrington,Manager,6.8,163.94,10666.66,0
2026-05-17,e94a0a4e,Anthony Turner,Manager,7.4,197.96,10666.66,0
2026-05-17,720dca6f,Steven Galvan,Barista,5.9,110.89,10666.66,0
2026-05-17,45f31968,Michelle Holmes,Manager,5.0,135.12,10666.66,0
2026-05-17,45f31968,Michelle Holmes,Manager,8.5,232.41,10666.66,0
2026-05-18,45f31968,Michelle Holmes,Manager,8.4,227.14,4685.88,0
2026-05-18,7c156fc1,Jason Dunlap,Manager,8.8,234.25,4685.88,0
2026-05-18,dd35a1e4,Amanda Cabrera,Cook,7.5,159.04,4685.88,0
2026-05-18,720dca6f,Steven Galvan,Barista,5.7,106.97,4685.88,0
2026-05-18,e2f2f6dd,Kylie Huerta,Barista,4.0,75.57,4685.88,0
2026-05-18,7c156fc1,Jason Dunlap,Manager,4.6,122.28,4685.88,0
2026-05-18,07dcd876,Bryan Diaz,Manager,6.1,157.17,4685.88,0
2026-05-18,34840e79,Megan Harrington,Manager,8.4,202.74,4685.88,0
2026-05-18,3bc3cfff,Allen Sanchez,Cook,4.5,88.53,4685.88,0
2026-05-18,720dca6f,Steven Galvan,Barista,7.9,148.52,4685.88,0
2026-05-18,e94a0a4e,Anthony Turner,Manager,5.6,151.79,4685.88,0
2026-05-18,c148ed20,Ross Ingram,Cook,5.8,126.98,4685.88,1
2026-05-19,e2f2f6dd,Kylie Huerta,Barista,4.5,84.53,5260.19,0
2026-05-19,07dcd876,Bryan Diaz,Manager,7.3,188.95,5260.19,0
2026-05-19,e94a0a4e,Anthony Turner,Manager,7.4,199.93,5260.19,0
2026-05-19,68adc80e,Sherry Ramirez,Manager,4.4,113.7,5260.19,0
2026-05-19,e8256040,Gary Guzman,Barista,8.1,143.15,5260.19,0
2026-05-19,3bc3cfff,Allen Sanchez,Cook,4.3,84.41,5260.19,0
2026-05-19,53bee1af,Darin Henry,Cook,7.9,157.44,5260.19,0
2026-05-19,e8256040,Gary Guzman,Barista,5.2,91.11,5260.19,0
2026-05-19,68adc80e,Sherry Ramirez,Manager,4.6,119.37,5260.19,0
2026-05-19,07dcd876,Bryan Diaz,Manager,6.8,175.77,5260.19,0
2026-05-19,c148ed20,Ross Ingram,Cook,6.2,135.85,5260.19,0
2026-05-20,53bee1af,Darin Henry,Cook,5.4,106.5,5081.28,0
2026-05-20,720dca6f,Steven Galvan,Barista,5.8,108.69,5081.28,0
2026-05-20,0116c6b4,Justin Riddle,Manager,4.6,116.61,5081.28,0
2026-05-20,68adc80e,Sherry Ramirez,Manager,6.3,162.0,5081.28,0
2026-05-20,0116c6b4,Justin Riddle,Manager,5.2,132.12,5081.28,0
2026-05-20,34840e79,Megan Harrington,Manager,4.9,117.41,5081.28,0
2026-05-20,e94a0a4e,Anthony Turner,Manager,7.4,198.39,5081.28,0
2026-05-20,68adc80e,Sherry Ramirez,Manager,5.2,133.23,5081.28,0
2026-05-20,e8256040,Gary Guzman,Barista,6.1,108.14,5081.28,0
2026-05-20,53bee1af,Darin Henry,Cook,8.6,171.09,5081.28,0
2026-05-20,07dcd876,Bryan Diaz,Manager,8.0,207.29,5081.28,0
2026-05-21,720dca6f,Steven Galvan,Barista,7.9,148.96,4559.24,0
2026-05-21,53bee1af,Darin Henry,Cook,4.5,89.48,4559.24,0
2026-05-21,e8256040,Gary Guzman,Barista,5.4,94.59,4559.24,0
2026-05-21,dc63a543,Erin Thomas,Barista,4.2,79.59,4559.24,0
2026-05-21,e94a0a4e,Anthony Turner,Manager,7.3,195.32,4559.24,0
2026-05-21,e94a0a4e,Anthony Turner,Manager,7.8,210.51,4559.24,0
2026-05-21,7c156fc1,Jason Dunlap,Manager,8.8,233.03,4559.24,1
2026-05-21,0116c6b4,Justin Riddle,Manager,5.5,139.75,4559.24,0
2026-05-21,0116c6b4,Justin Riddle,Manager,6.5,165.26,4559.24,0
2026-05-21,dd35a1e4,Amanda Cabrera,Cook,7.1,149.23,4559.24,0
2026-05-22,720dca6f,Steven Galvan,Barista,7.2,136.22,3655.07,0
2026-05-22,720dca6f,Steven Galvan,Barista,4.5,85.58,3655.07,0
2026-05-22,dd35a1e4,Amanda Cabrera,Cook,8.1,170.07,3655.07,0
2026-05-22,720dca6f,Steven Galvan,Barista,6.5,122.54,3655.07,0
2026-05-22,7c156fc1,Jason Dunlap,Manager,8.1,213.29,3655.07,0
2026-05-22,720dca6f,Steven Galvan,Barista,6.6,125.43,3655.07,0
2026-05-22,e2f2f6dd,Kylie Huerta,Barista,8.8,166.3,3655.07,0
2026-05-22,dd35a1e4,Amanda Cabrera,Cook,6.1,127.78,3655.07,0
2026-05-23,720dca6f,Steven Galvan,Barista,6.0,113.47,6279.84,0
2026-05-23,720dca6f,Steven Galvan,Barista,7.0,131.7,6279.84,0
2026-05-23,e8256040,Gary Guzman,Barista,5.9,103.8,6279.84,0
2026-05-23,c148ed20,Ross Ingram,Cook,9.0,196.82,6279.84,0
2026-05-23,68adc80e,Sherry Ramirez,Manager,7.6,197.67,6279.84,0
2026-05-23,3bc3cfff,Allen Sanchez,Cook,5.6,110.53,6279.84,0
2026-05-23,0116c6b4,Justin Riddle,Manager,6.3,160.63,6279.84,0
2026-05-23,dc63a543,Erin Thomas,Barista,8.0,151.09,6279.84,0
2026-05-23,e2f2f6dd,Kylie Huerta,Barista,7.8,147.86,6279.84,0
2026-05-23,7c156fc1,Jason Dunlap,Manager,4.4,116.48,6279.84,0
2026-05-23,e8256040,Gary Guzman,Barista,7.0,123.98,6279.84,0
2026-05-23,c148ed20,Ross Ingram,Cook,5.7,123.77,6279.84,0
2026-05-23,e94a0a4e,Anthony Turner,Manager,6.1,165.1,6279.84,0
2026-05-23,e94a0a4e,Anthony Turner,Manager,7.3,196.92,6279.84,0
2026-05-23,c148ed20,Ross Ingram,Cook,7.3,160.55,6279.84,0
2026-05-24,e94a0a4e,Anthony Turner,Manager,6.7,180.65,8870.19,0
2026-05-24,e94a0a4e,Anthony Turner,Manager,5.2,139.19,8870.19,0
2026-05-24,68adc80e,Sherry Ramirez,Manager,6.9,177.75,8870.19,0
2026-05-24,e94a0a4e,Anthony Turner,Manager,4.2,112.43,8870.19,0
2026-05-24,0116c6b4,Justin Riddle,Manager,6.8,174.74,8870.19,0
2026-05-24,07dcd876,Bryan Diaz,Manager,6.8,175.94,8870.19,0
2026-05-24,720dca6f,Steven Galvan,Barista,7.8,147.8,8870.19,0
2026-05-24,34840e79,Megan Harrington,Manager,5.2,124.44,8870.19,0
2026-05-24,720dca6f,Steven Galvan,Barista,8.3,157.09,8870.19,0
2026-05-24,07dcd876,Bryan Diaz,Manager,7.8,201.82,8870.19,0
2026-05-24,53bee1af,Darin Henry,Cook,7.6,150.51,8870.19,0
2026-05-24,c148ed20,Ross Ingram,Cook,4.7,102.55,8870.19,0
2026-05-24,0116c6b4,Justin Riddle,Manager,7.0,180.47,8870.19,0
2026-05-24,dd35a1e4,Amanda Cabrera,Cook,4.3,90.56,8870.19,0
2026-05-24,0116c6b4,Justin Riddle,Manager,5.1,130.31,8870.19,0
2026-05-24,c148ed20,Ross Ingram,Cook,7.3,160.5,8870.19,0
2026-05-24,e94a0a4e,Anthony Turner,Manager,8.1,217.04,8870.19,0
2026-05-24,dc63a543,Erin Thomas,Barista,5.8,110.34,8870.19,0
2026-05-24,34840e79,Megan Harrington,Manager,7.6,182.73,8870.19,0
2026-05-24,45f31968,Michelle Holmes,Manager,8.5,230.75,8870.19,0
2026-05-25,dc63a543,Erin Thomas,Barista,7.0,132.85,4708.33,0
2026-05-25,dc63a543,Erin Thomas,Barista,7.7,146.47,4708.33,0
2026-05-25,53bee1af,Darin Henry,Cook,9.0,178.24,4708.33,0
2026-05-25,e94a0a4e,Anthony Turner,Manager,5.0,134.07,4708.33,0
2026-05-25,45f31968,Michelle Holmes,Manager,6.0,163.22,4708.33,0
2026-05-25,e94a0a4e,Anthony Turner,Manager,6.4,172.15,4708.33,0
2026-05-25,3bc3cfff,Allen Sanchez,Cook,5.7,111.27,4708.33,0
2026-05-25,e94a0a4e,Anthony Turner,Manager,7.3,197.29,4708.33,0
2026-05-25,720dca6f,Steven Galvan,Barista,6.8,127.86,4708.33,0
2026-05-25,3bc3cfff,Allen Sanchez,Cook,4.8,94.9,4708.33,0
2026-05-26,0116c6b4,Justin Riddle,Manager,5.4,138.68,4163.81,0
2026-05-26,e2f2f6dd,Kylie Huerta,Barista,8.2,155.8,4163.81,0
2026-05-26,07dcd876,Bryan Diaz,Manager,4.1,104.81,4163.81,0
2026-05-26,dd35a1e4,Amanda Cabrera,Cook,5.4,114.22,4163.81,0
2026-05-26,c148ed20,Ross Ingram,Cook,6.2,136.2,4163.81,0
2026-05-26,720dca6f,Steven Galvan,Barista,4.2,80.31,4163.81,0
2026-05-26,dc63a543,Erin Thomas,Barista,4.6,88.12,4163.81,0
2026-05-26,c148ed20,Ross Ingram,Cook,6.2,136.12,4163.81,0
2026-05-26,68adc80e,Sherry Ramirez,Manager,8.2,210.9,4163.81,0
2026-05-26,dc63a543,Erin Thomas,Barista,8.7,165.76,4163.81,0
2026-05-27,0116c6b4,Justin Riddle,Manager,4.2,107.03,4734.17,0
2026-05-27,45f31968,Michelle Holmes,Manager,6.2,167.57,4734.17,0
2026-05-27,07dcd876,Bryan Diaz,Manager,7.8,200.47,4734.17,0
2026-05-27,7c156fc1,Jason Dunlap,Manager,8.2,216.32,4734.17,0
2026-05-27,45f31968,Michelle Holmes,Manager,4.2,113.18,4734.17,0
2026-05-27,dd35a1e4,Amanda Cabrera,Cook,6.0,126.99,4734.17,0
2026-05-27,68adc80e,Sherry Ramirez,Manager,8.3,213.99,4734.17,0
2026-05-27,68adc80e,Sherry Ramirez,Manager,8.0,207.99,4734.17,0
2026-05-27,720dca6f,Steven Galvan,Barista,6.8,129.05,4734.17,0
2026-05-27,53bee1af,Darin Henry,Cook,6.7,133.24,4734.17,0
2026-05-27,c148ed20,Ross Ingram,Cook,6.0,130.71,4734.17,0
2026-05-28,07dcd876,Bryan Diaz,Manager,5.4,139.66,4631.44,0
2026-05-28,e8256040,Gary Guzman,Barista,5.8,101.6,4631.44,0
2026-05-28,07dcd876,Bryan Diaz,Manager,8.0,207.11,4631.44,0
2026-05-28,53bee1af,Darin Henry,Cook,7.1,141.61,4631.44,0
2026-05-28,3bc3cfff,Allen Sanchez,Cook,6.1,119.84,4631.44,0
2026-05-28,68adc80e,Sherry Ramirez,Manager,4.9,127.38,4631.44,1
2026-05-28,53bee1af,Darin Henry,Cook,4.4,87.88,4631.44,0
2026-05-28,68adc80e,Sherry Ramirez,Manager,5.8,149.92,4631.44,0
2026-05-28,68adc80e,Sherry Ramirez,Manager,8.3,213.19,4631.44,0
2026-05-28,720dca6f,Steven Galvan,Barista,8.8,166.54,4631.44,0
2026-05-28,dd35a1e4,Amanda Cabrera,Cook,6.2,129.92,4631.44,0
2026-05-29,68adc80e,Sherry Ramirez,Manager,5.4,140.55,6039.0,0
2026-05-29,45f31968,Michelle Holmes,Manager,7.0,190.5,6039.0,0
2026-05-29,e2f2f6dd,Kylie Huerta,Barista,6.8,128.91,6039.0,0
2026-05-29,3bc3cfff,Allen Sanchez,Cook,5.1,99.42,6039.0,0
2026-05-29,e2f2f6dd,Kylie Huerta,Barista,4.5,84.9,6039.0,0
2026-05-29,c148ed20,Ross Ingram,Cook,6.9,150.1,6039.0,0
2026-05-29,53bee1af,Darin Henry,Cook,8.7,172.59,6039.0,0
2026-05-29,e8256040,Gary Guzman,Barista,6.7,118.32,6039.0,0
2026-05-29,dc63a543,Erin Thomas,Barista,8.4,158.65,6039.0,0
2026-05-29,720dca6f,Steven Galvan,Barista,8.3,156.18,6039.0,0
2026-05-29,720dca6f,Steven Galvan,Barista,4.4,83.52,6039.0,0
2026-05-29,e2f2f6dd,Kylie Huerta,Barista,4.9,92.24,6039.0,0
2026-05-29,e2f2f6dd,Kylie Huerta,Barista,7.8,148.07,6039.0,0
2026-05-29,dd35a1e4,Amanda Cabrera,Cook,6.6,138.32,6039.0,0
2026-05-30,45f31968,Michelle Holmes,Manager,5.6,153.43,4869.06,0
2026-05-30,3bc3cfff,Allen Sanchez,Cook,7.7,151.83,4869.06,0
2026-05-30,3bc3cfff,Allen Sanchez,Cook,5.3,103.37,4869.06,0
2026-05-30,53bee1af,Darin Henry,Cook,7.8,154.12,4869.06,0
2026-05-30,dc63a543,Erin Thomas,Barista,5.9,112.59,4869.06,0
2026-05-30,34840e79,Megan Harrington,Manager,7.9,190.34,4869.06,0
2026-05-30,c148ed20,Ross Ingram,Cook,4.2,91.26,4869.06,0
2026-05-30,53bee1af,Darin Henry,Cook,8.6,171.7,4869.06,0
2026-05-30,7c156fc1,Jason Dunlap,Manager,6.5,173.23,4869.06,0
2026-05-30,0116c6b4,Justin Riddle,Manager,8.4,214.31,4869.06,0
2026-05-31,dd35a1e4,Amanda Cabrera,Cook,5.9,124.63,7613.86,0
2026-05-31,68adc80e,Sherry Ramirez,Manager,6.8,174.8,7613.86,0
2026-05-31,3bc3cfff,Allen Sanchez,Cook,7.0,137.17,7613.86,0
2026-05-31,34840e79,Megan Harrington,Manager,5.1,123.62,7613.86,0
2026-05-31,45f31968,Michelle Holmes,Manager,6.4,174.28,7613.86,0
2026-05-31,e2f2f6dd,Kylie Huerta,Barista,4.0,76.46,7613.86,0
2026-05-31,e94a0a4e,Anthony Turner,Manager,4.3,115.45,7613.86,0
2026-05-31,0116c6b4,Justin Riddle,Manager,5.5,141.98,7613.86,0
2026-05-31,07dcd876,Bryan Diaz,Manager,6.4,165.63,7613.86,0
2026-05-31,dd35a1e4,Amanda Cabrera,Cook,8.7,183.16,7613.86,0
2026-05-31,45f31968,Michelle Holmes,Manager,7.1,192.08,7613.86,0
2026-05-31,7c156fc1,Jason Dunlap,Manager,5.0,132.59,7613.86,0
2026-05-31,e2f2f6dd,Kylie Huerta,Barista,9.0,169.81,7613.86,0
2026-05-31,68adc80e,Sherry Ramirez,Manager,6.7,172.38,7613.86,0
2026-05-31,07dcd876,Bryan Diaz,Manager,8.7,225.52,7613.86,0
2026-05-31,e8256040,Gary Guzman,Barista,4.0,70.74,7613.86,0
2026-05-31,e8256040,Gary Guzman,Barista,6.3,111.66,7613.86,0
2026-05-31,e8256040,Gary Guzman,Barista,7.6,134.57,7613.86,0
2026-06-01,07dcd876,Bryan Diaz,Manager,7.4,190.6,4618.76,0
2026-06-01,0116c6b4,Justin Riddle,Manager,5.9,150.49,4618.76,0
2026-06-01,720dca6f,Steven Galvan,Barista,5.3,100.47,4618.76,0
2026-06-01,e8256040,Gary Guzman,Barista,6.1,108.4,4618.76,0
2026-06-01,0116c6b4,Justin Riddle,Manager,6.9,176.82,4618.76,0
2026-06-01,3bc3cfff,Allen Sanchez,Cook,4.6,90.57,4618.76,0
2026-06-01,45f31968,Michelle Holmes,Manager,5.2,142.36,4618.76,0
2026-06-01,7c156fc1,Jason Dunlap,Manager,7.4,194.79,4618.76,0
2026-06-01,7c156fc1,Jason Dunlap,Manager,7.6,202.13,4618.76,0
2026-06-01,e8256040,Gary Guzman,Barista,8.3,147.41,4618.76,0
2026-06-02,0116c6b4,Justin Riddle,Manager,8.5,218.1,4792.84,1
2026-06-02,7c156fc1,Jason Dunlap,Manager,6.4,170.15,4792.84,0
2026-06-02,07dcd876,Bryan Diaz,Manager,5.3,135.94,4792.84,0
2026-06-02,720dca6f,Steven Galvan,Barista,7.6,143.68,4792.84,0
2026-06-02,3bc3cfff,Allen Sanchez,Cook,4.2,83.29,4792.84,0
2026-06-02,e8256040,Gary Guzman,Barista,4.7,83.28,4792.84,0
2026-06-02,3bc3cfff,Allen Sanchez,Cook,5.7,111.53,4792.84,0
2026-06-02,e2f2f6dd,Kylie Huerta,Barista,8.8,166.13,4792.84,0
2026-06-02,e94a0a4e,Anthony Turner,Manager,7.2,194.78,4792.84,0
2026-06-02,68adc80e,Sherry Ramirez,Manager,7.4,191.94,4792.84,0
2026-06-02,07dcd876,Bryan Diaz,Manager,5.7,146.16,4792.84,1
2026-06-02,53bee1af,Darin Henry,Cook,4.2,82.47,4792.84,0
2026-06-03,45f31968,Michelle Holmes,Manager,6.4,174.96,4709.86,0
2026-06-03,dd35a1e4,Amanda Cabrera,Cook,5.3,112.41,4709.86,0
2026-06-03,45f31968,Michelle Holmes,Manager,6.5,175.91,4709.86,0
2026-06-03,720dca6f,Steven Galvan,Barista,6.9,129.88,4709.86,0
2026-06-03,e2f2f6dd,Kylie Huerta,Barista,8.0,151.34,4709.86,0
2026-06-03,e94a0a4e,Anthony Turner,Manager,6.9,186.99,4709.86,0
2026-06-03,0116c6b4,Justin Riddle,Manager,6.4,163.03,4709.86,0
2026-06-03,0116c6b4,Justin Riddle,Manager,4.7,121.1,4709.86,0
2026-06-03,c148ed20,Ross Ingram,Cook,6.9,150.5,4709.86,0
2026-06-03,dd35a1e4,Amanda Cabrera,Cook,8.8,186.73,4709.86,0
2026-06-03,c148ed20,Ross Ingram,Cook,4.9,107.91,4709.86,0
2026-06-03,34840e79,Megan Harrington,Manager,6.3,152.58,4709.86,0
2026-06-04,53bee1af,Darin Henry,Cook,5.4,107.19,4842.23,1
2026-06-04,0116c6b4,Justin Riddle,Manager,7.5,192.66,4842.23,0
2026-06-04,3bc3cfff,Allen Sanchez,Cook,7.8,153.98,4842.23,0
2026-06-04,c148ed20,Ross Ingram,Cook,6.5,141.89,4842.23,0
2026-06-04,0116c6b4,Justin Riddle,Manager,4.7,120.42,4842.23,0
2026-06-04,e8256040,Gary Guzman,Barista,8.0,140.64,4842.23,0
2026-06-04,720dca6f,Steven Galvan,Barista,4.3,82.18,4842.23,0
2026-06-04,dd35a1e4,Amanda Cabrera,Cook,6.0,127.04,4842.23,0
2026-06-04,0116c6b4,Justin Riddle,Manager,6.4,164.93,4842.23,0
2026-06-04,dc63a543,Erin Thomas,Barista,4.5,85.14,4842.23,0
2026-06-05,45f31968,Michelle Holmes,Manager,5.2,141.98,4055.42,0
2026-06-05,720dca6f,Steven Galvan,Barista,8.8,165.87,4055.42,0
2026-06-05,0116c6b4,Justin Riddle,Manager,5.1,131.24,4055.42,0
2026-06-05,e94a0a4e,Anthony Turner,Manager,5.0,133.7,4055.42,0
2026-06-05,0116c6b4,Justin Riddle,Manager,7.4,190.64,4055.42,0
2026-06-05,68adc80e,Sherry Ramirez,Manager,8.1,208.48,4055.42,1
2026-06-05,e8256040,Gary Guzman,Barista,8.5,149.48,4055.42,0
2026-06-05,e8256040,Gary Guzman,Barista,7.6,133.68,4055.42,1
2026-06-05,c148ed20,Ross Ingram,Cook,5.6,123.05,4055.42,0
2026-06-05,e8256040,Gary Guzman,Barista,6.3,111.05,4055.42,0
2026-06-06,e8256040,Gary Guzman,Barista,6.3,110.95,9049.41,0
2026-06-06,720dca6f,Steven Galvan,Barista,8.8,165.57,9049.41,0
2026-06-06,e94a0a4e,Anthony Turner,Manager,8.1,218.16,9049.41,0
2026-06-06,07dcd876,Bryan Diaz,Manager,4.7,122.53,9049.41,0
2026-06-06,e94a0a4e,Anthony Turner,Manager,6.6,178.64,9049.41,0
2026-06-06,68adc80e,Sherry Ramirez,Manager,4.2,108.59,9049.41,0
2026-06-06,720dca6f,Steven Galvan,Barista,8.8,167.19,9049.41,0
2026-06-06,45f31968,Michelle Holmes,Manager,4.9,133.83,9049.41,0
2026-06-06,3bc3cfff,Allen Sanchez,Cook,8.0,157.33,9049.41,0
2026-06-06,e8256040,Gary Guzman,Barista,4.9,85.74,9049.41,0
2026-06-06,dc63a543,Erin Thomas,Barista,4.2,79.69,9049.41,0
2026-06-06,0116c6b4,Justin Riddle,Manager,6.6,169.48,9049.41,0
2026-06-06,53bee1af,Darin Henry,Cook,7.6,150.59,9049.41,0
2026-06-06,34840e79,Megan Harrington,Manager,8.7,210.45,9049.41,0
2026-06-06,07dcd876,Bryan Diaz,Manager,8.7,223.88,9049.41,0
2026-06-06,68adc80e,Sherry Ramirez,Manager,6.2,159.4,9049.41,0
2026-06-06,34840e79,Megan Harrington,Manager,8.1,195.81,9049.41,0
2026-06-06,53bee1af,Darin Henry,Cook,7.0,138.77,9049.41,0
2026-06-06,53bee1af,Darin Henry,Cook,8.3,163.84,9049.41,0
2026-06-06,3bc3cfff,Allen Sanchez,Cook,4.7,93.11,9049.41,0
2026-06-06,7c156fc1,Jason Dunlap,Manager,4.9,129.65,9049.41,0
2026-06-06,0116c6b4,Justin Riddle,Manager,4.4,113.88,9049.41,0
2026-06-07,07dcd876,Bryan Diaz,Manager,6.6,169.19,6757.96,0
2026-06-07,53bee1af,Darin Henry,Cook,5.3,104.41,6757.96,0
2026-06-07,dc63a543,Erin Thomas,Barista,5.6,105.67,6757.96,0
2026-06-07,53bee1af,Darin Henry,Cook,4.1,81.15,6757.96,0
2026-06-07,dd35a1e4,Amanda Cabrera,Cook,5.9,123.55,6757.96,0
2026-06-07,07dcd876,Bryan Diaz,Manager,6.0,155.55,6757.96,0
2026-06-07,e8256040,Gary Guzman,Barista,6.8,119.64,6757.96,0
2026-06-07,53bee1af,Darin Henry,Cook,5.9,116.26,6757.96,0
2026-06-07,45f31968,Michelle Holmes,Manager,4.1,110.39,6757.96,0
2026-06-07,c148ed20,Ross Ingram,Cook,7.2,157.16,6757.96,0
2026-06-07,07dcd876,Bryan Diaz,Manager,5.3,135.7,6757.96,0
2026-06-07,c148ed20,Ross Ingram,Cook,6.9,150.31,6757.96,0
2026-06-07,e2f2f6dd,Kylie Huerta,Barista,8.0,151.68,6757.96,0
2026-06-07,e94a0a4e,Anthony Turner,Manager,4.8,129.16,6757.96,0
2026-06-07,e8256040,Gary Guzman,Barista,5.8,101.82,6757.96,0
2026-06-07,e2f2f6dd,Kylie Huerta,Barista,7.3,137.81,6757.96,0
2026-06-08,34840e79,Megan Harrington,Manager,6.7,161.11,7833.89,0
2026-06-08,e8256040,Gary Guzman,Barista,7.7,135.15,7833.89,0
2026-06-08,53bee1af,Darin Henry,Cook,4.6,92.03,7833.89,0
2026-06-08,53bee1af,Darin Henry,Cook,8.1,161.16,7833.89,0
2026-06-08,3bc3cfff,Allen Sanchez,Cook,5.3,104.86,7833.89,0
2026-06-08,68adc80e,Sherry Ramirez,Manager,7.4,191.64,7833.89,0
2026-06-08,dc63a543,Erin Thomas,Barista,8.3,157.62,7833.89,0
2026-06-08,dc63a543,Erin Thomas,Barista,4.2,79.94,7833.89,0
2026-06-08,dd35a1e4,Amanda Cabrera,Cook,5.0,105.43,7833.89,0
2026-06-08,34840e79,Megan Harrington,Manager,6.5,155.8,7833.89,0
2026-06-08,dd35a1e4,Amanda Cabrera,Cook,6.9,146.25,7833.89,0
2026-06-08,68adc80e,Sherry Ramirez,Manager,6.8,174.55,7833.89,0
2026-06-08,7c156fc1,Jason Dunlap,Manager,6.6,173.77,7833.89,0
2026-06-08,45f31968,Michelle Holmes,Manager,5.2,142.73,7833.89,0
2026-06-08,07dcd876,Bryan Diaz,Manager,5.0,129.24,7833.89,0
2026-06-08,e2f2f6dd,Kylie Huerta,Barista,6.2,116.53,7833.89,0
2026-06-08,53bee1af,Darin Henry,Cook,7.9,156.43,7833.89,0
